"id","sk","name_formal","state","gov_type","country_code","official_count","term_length","url","upcoming_election","ue_remarks","ue_url_1","special","runoff","ue_cicero_link"
56,56,"Richmond Mayor","VA","LOCAL","US",1,"","http://www.richmondgov.com/Mayor/index.aspx","2020-11-03 00:00:00+00","","",False,False,"https://cicero.azavea.com/v3.1/admin/webservice/electionevent/14668/change/"
138,138,"El Paso Mayor","TX","LOCAL","US",1,"","http://www.elpasotexas.gov/government.asp","2020-11-03 00:00:00+00","","",False,False,"https://cicero.azavea.com/v3.1/admin/webservice/electionevent/16733/change/"
216,216,"Portland Mayor","OR","LOCAL","US",1,"","http://www.portlandonline.com/?c=25999","2020-11-03 00:00:00+00","","",False,False,"https://cicero.azavea.com/v3.1/admin/webservice/electionevent/14659/change/"
320,320,"Vice President of the United States","","NATIONAL","US",1,"","http://www.whitehouse.gov/administration/vice-president-biden","2020-11-03 00:00:00+00","","",False,False,"https://cicero.azavea.com/v3.1/admin/webservice/electionevent/14727/change/"
484,484,"Berkeley Mayor","CA","LOCAL","US",1,"","http://www.ci.berkeley.ca.us/mayor/","2020-11-03 00:00:00+00","Mayor & Council Districts 2, 3, 5, and 6","",False,False,"https://cicero.azavea.com/v3.1/admin/webservice/electionevent/18146/change/"
505,505,"Pennsylvania State Treasurer","PA","STATE","US",1,"4 years","http://www.patreasury.org/","2020-11-03 00:00:00+00","Attorney General, Auditor General, Treasurer, House, and odd numbered Senate districts","",False,False,"https://cicero.azavea.com/v3.1/admin/webservice/electionevent/13759/change/"
530,530,"Oxnard Mayor","CA","LOCAL","US",1,"","http://citycouncil.cityofoxnard.org/Default.aspx?DepartmentID=3","2020-11-03 00:00:00+00","","https://www.oxnard.org/city-department/city-clerk/",False,False,"https://cicero.azavea.com/v3.1/admin/webservice/electionevent/16409/change/"
586,586,"Baltimore Mayor","MD","LOCAL","US",1,"","http://www.baltimorecitycouncil.com/","2020-11-03 00:00:00+00","All districts and Mayor are up for election.","",False,False,"https://cicero.azavea.com/v3.1/admin/webservice/electionevent/17975/change/"
726,726,"Pennsylvania Auditor General","PA","STATE","US",1,"4 years","http://www.auditorgen.state.pa.us/","2020-11-03 00:00:00+00","Attorney General, Auditor General, Treasurer, House, and odd numbered Senate districts","",False,False,"https://cicero.azavea.com/v3.1/admin/webservice/electionevent/13759/change/"
1342,936,"Portland City Council","OR","LOCAL","US",4,"4 years","http://www.portlandonline.com/?c=25999","2020-11-03 00:00:00+00","","",False,False,"https://cicero.azavea.com/v3.1/admin/webservice/electionevent/16209/change/"
1403,905,"California Senate","CA","STATE","US",40,"4 years","http://www.sen.ca.gov/","2020-11-03 00:00:00+00","Odds","",False,False,"https://cicero.azavea.com/v3.1/admin/webservice/electionevent/15984/change/"
1415,581,"Connecticut Senate","CT","STATE","US",36,"2 years","http://www.cga.ct.gov/asp/menu/Senate.asp","2020-11-03 00:00:00+00","","https://ballotpedia.org/Connecticut_State_Senate_elections,_2020",False,False,"https://cicero.azavea.com/v3.1/admin/webservice/electionevent/16211/change/"
1426,545,"Georgia State Senate","GA","STATE","US",56,"2 years","http://www.senate.ga.gov/en-US/default.aspx","2020-11-03 00:00:00+00","All","",False,False,"https://cicero.azavea.com/v3.1/admin/webservice/electionevent/16392/change/"
1441,1002,"Illinois Senate","IL","STATE","US",59,"4 years","http://www.ilga.gov/senate/","2020-11-03 00:00:00+00","District 11. Martin Sandoval resigned amid corruption charges.","https://ballotpedia.org/Illinois_state_legislative_special_elections,_2020",True,False,"https://cicero.azavea.com/v3.1/admin/webservice/electionevent/17790/change/"
1441,1002,"Illinois Senate","IL","STATE","US",59,"4 years","http://www.ilga.gov/senate/","2020-11-03 00:00:00+00","20 of 59 districts are up for election.","",False,False,"https://cicero.azavea.com/v3.1/admin/webservice/electionevent/17791/change/"
1444,113,"Iowa State Senate","IA","STATE","US",50,"4 years","https://www.legis.iowa.gov/index.aspx","2020-11-03 00:00:00+00","","https://ballotpedia.org/Iowa_State_Senate_elections,_2020",False,False,"https://cicero.azavea.com/v3.1/admin/webservice/electionevent/16410/change/"
1465,167,"Massachusetts Senate","MA","STATE","US",40,"2 years","http://www.mass.gov/legis/memmenus.htm","2020-11-03 00:00:00+00","","",False,False,"https://cicero.azavea.com/v3.1/admin/webservice/electionevent/16284/change/"
1474,223,"Minnesota State Senate","MN","STATE","US",67,"4 years","http://www.senate.leg.state.mn.us/","2020-11-03 00:00:00+00","","",False,False,"https://cicero.azavea.com/v3.1/admin/webservice/electionevent/14585/change/"
1477,361,"Mississippi State Senate","MS","STATE","US",52,"4 years","http://billstatus.ls.state.ms.us/","2020-09-22 00:00:00+00","District 39","",True,False,"https://cicero.azavea.com/v3.1/admin/webservice/electionevent/18233/change/"
1481,78,"Missouri Senate","MO","STATE","US",34,"4 years","http://www.senate.mo.gov/","2020-11-03 00:00:00+00","","",False,False,"https://cicero.azavea.com/v3.1/admin/webservice/electionevent/16333/change/"
1491,766,"North Dakota Governor","ND","STATE","US",1,"4 years","http://governor.nd.gov/","2020-11-03 00:00:00+00","","",False,False,"https://cicero.azavea.com/v3.1/admin/webservice/electionevent/14629/change/"
1492,1012,"Nevada State Senate","NV","STATE","US",21,"4 years","http://www.leg.state.nv.us/Senate/","2020-11-03 00:00:00+00","","https://ballotpedia.org/Nevada_State_Senate_elections,_2020",False,False,"https://cicero.azavea.com/v3.1/admin/webservice/electionevent/16125/change/"
1513,136,"Ohio Senate","OH","STATE","US",33,"4 years","http://www.senate.state.oh.us/","2020-11-03 00:00:00+00","","",False,False,"https://cicero.azavea.com/v3.1/admin/webservice/electionevent/16299/change/"
1527,50,"Rhode Island Senate","RI","STATE","US",38,"2 years","http://www.rilin.state.ri.us/Pages/Default.aspx","2020-11-03 00:00:00+00","","",False,False,"https://cicero.azavea.com/v3.1/admin/webservice/electionevent/16052/change/"
1530,623,"South Carolina State Senate","SC","STATE","US",46,"4 years","http://www.scstatehouse.gov/senate.php","2020-11-03 00:00:00+00","","",False,False,"https://cicero.azavea.com/v3.1/admin/webservice/electionevent/14688/change/"
1532,964,"South Dakota State Senate","SD","STATE","US",35,"2 years","http://legis.state.sd.us/","2020-11-03 00:00:00+00","","",False,False,"https://cicero.azavea.com/v3.1/admin/webservice/electionevent/16263/change/"
1550,391,"West Virginia State Senate","WV","STATE","US",34,"4 years","http://www.legis.state.wv.us/","2020-11-03 00:00:00+00","","",False,False,"https://cicero.azavea.com/v3.1/admin/webservice/electionevent/16337/change/"
1551,487,"Wisconsin State Senate","WI","STATE","US",33,"4 years","http://www.legis.wisconsin.gov/senhome.htm","2020-11-03 00:00:00+00","","",False,False,"https://cicero.azavea.com/v3.1/admin/webservice/electionevent/16266/change/"
1598,291,"New Hampshire State Senate","NH","STATE","US",24,"2 years","http://www.gencourt.state.nh.us/senate/","2020-11-03 00:00:00+00","","",False,False,"https://cicero.azavea.com/v3.1/admin/webservice/electionevent/16214/change/"
2445,569,"Arkansas House of Representatives","AR","STATE","US",100,"2 years","http://www.arkansas.gov/house/","2020-11-03 00:00:00+00","","https://ballotpedia.org/Arkansas_House_of_Representatives_elections,_2020",False,False,"https://cicero.azavea.com/v3.1/admin/webservice/electionevent/16351/change/"
2448,1101,"Connecticut House of Representatives","CT","STATE","US",151,"2 years","http://www.cga.ct.gov/asp/menu/house.asp","2020-11-03 00:00:00+00","","",False,False,"https://cicero.azavea.com/v3.1/admin/webservice/electionevent/16276/change/"
2451,961,"Georgia House of Representatives","GA","STATE","US",180,"2 years","http://www.house.ga.gov/en-US/default.aspx","2020-11-03 00:00:00+00","","https://ballotpedia.org/Georgia_House_of_Representatives_elections,_2020",False,False,"https://cicero.azavea.com/v3.1/admin/webservice/electionevent/16368/change/"
2452,721,"Hawaii House of Representatives","HI","STATE","US",51,"2 years","http://www.capitol.hawaii.gov/house.aspx","2020-11-03 00:00:00+00","All districts.","https://ballotpedia.org/Hawaii_House_of_Representatives_elections,_2020",False,False,"https://cicero.azavea.com/v3.1/admin/webservice/electionevent/16023/change/"
2454,1082,"Illinois House of Representatives","IL","STATE","US",118,"2 years","http://www.ilga.gov/house/","2020-11-03 00:00:00+00","","https://ballotpedia.org/Illinois_House_of_Representatives_elections,_2020",False,False,"https://cicero.azavea.com/v3.1/admin/webservice/electionevent/16352/change/"
2461,624,"Maryland House of Delegates","MD","STATE","US",141,"4 years","http://www.msa.md.gov/msa/mdmanual/06hse/html/hse.html","2020-11-03 00:00:00+00","","",False,False,"https://cicero.azavea.com/v3.1/admin/webservice/electionevent/16311/change/"
2463,798,"Michigan House of Representatives","MI","STATE","US",110,"2 years","http://house.michigan.gov/","2020-11-03 00:00:00+00","District 54","",True,False,"https://cicero.azavea.com/v3.1/admin/webservice/electionevent/18012/change/"
2463,798,"Michigan House of Representatives","MI","STATE","US",110,"2 years","http://house.michigan.gov/","2020-11-03 00:00:00+00","","https://ballotpedia.org/Michigan_House_of_Representatives_elections,_2020",False,False,"https://cicero.azavea.com/v3.1/admin/webservice/electionevent/16296/change/"
2466,4,"Mississippi House of Representatives","MS","STATE","US",122,"4 years","http://billstatus.ls.state.ms.us/","2020-11-03 00:00:00+00","District 87","",True,False,"https://cicero.azavea.com/v3.1/admin/webservice/electionevent/18013/change/"
2474,735,"North Carolina House of Representatives","NC","STATE","US",120,"2 years","http://www.ncga.state.nc.us/House/House.html","2020-11-03 00:00:00+00","","",False,False,"https://cicero.azavea.com/v3.1/admin/webservice/electionevent/16233/change/"
2476,198,"Ohio House of Representatives","OH","STATE","US",99,"2 years","http://www.house.state.oh.us/","2020-11-03 00:00:00+00","All","",False,False,"https://cicero.azavea.com/v3.1/admin/webservice/electionevent/16378/change/"
2480,840,"Rhode Island House of Representatives","RI","STATE","US",75,"2 years","http://www.rilin.state.ri.us/Pages/Default.aspx","2020-11-03 00:00:00+00","","",False,False,"https://cicero.azavea.com/v3.1/admin/webservice/electionevent/16051/change/"
2481,468,"South Carolina House of Representatives","SC","STATE","US",124,"2 years","http://www.scstatehouse.gov/house.php","2020-11-03 00:00:00+00","District 107","",True,False,"https://cicero.azavea.com/v3.1/admin/webservice/electionevent/18232/change/"
2481,468,"South Carolina House of Representatives","SC","STATE","US",124,"2 years","http://www.scstatehouse.gov/house.php","2020-11-03 00:00:00+00","","",False,False,"https://cicero.azavea.com/v3.1/admin/webservice/electionevent/16124/change/"
2482,867,"South Dakota House of Representatives","SD","STATE","US",70,"2 years","http://legis.state.sd.us/","2020-11-03 00:00:00+00","","",False,False,"https://cicero.azavea.com/v3.1/admin/webservice/electionevent/16400/change/"
2483,673,"Tennessee House of Representatives","TN","STATE","US",99,"2 years","http://www.capitol.tn.gov/house/","2020-11-03 00:00:00+00","","",False,False,"https://cicero.azavea.com/v3.1/admin/webservice/electionevent/16027/change/"
2487,259,"Virginia House of Delegates","VA","STATE","US",100,"2 years","http://virginiageneralassembly.gov/virginiaLegislature.php?secid=20&activesec=2#!hb=1&mainContentTabs=2","2020-11-03 00:00:00+00","District 29. Chris Collins resigned to accept a judgeship.","",False,False,"https://cicero.azavea.com/v3.1/admin/webservice/electionevent/18222/change/"
2489,62,"Washington House","WA","STATE","US",98,"2 years","http://www.leg.wa.gov/House/","2020-11-03 00:00:00+00","","https://ballotpedia.org/Washington_House_of_Representatives_elections,_2020",False,False,"https://cicero.azavea.com/v3.1/admin/webservice/electionevent/16391/change/"
2490,289,"West Virginia House of Delegates","WV","STATE","US",100,"2 years","http://www.legis.state.wv.us/House/members/delmemview1.cfm","2020-11-03 00:00:00+00","","https://ballotpedia.org/West_Virginia_House_of_Delegates_elections,_2020",False,False,"https://cicero.azavea.com/v3.1/admin/webservice/electionevent/16303/change/"
2491,115,"Wisconsin Assembly","WI","STATE","US",99,"2 years","http://www.legis.state.wi.us/asmhome.htm","2020-11-03 00:00:00+00","","https://ballotpedia.org/Wisconsin_State_Assembly_elections,_2020",False,False,"https://cicero.azavea.com/v3.1/admin/webservice/electionevent/16277/change/"
2536,717,"Nebraska Unicameral Legislature","NE","STATE","US",49,"4 years","http://nebraskalegislature.gov/","2020-11-03 00:00:00+00","Odd numbered seats","",False,False,"https://cicero.azavea.com/v3.1/admin/webservice/electionevent/16355/change/"
2568,2568,"Indiana Lieutenant Governor","IN","STATE","US",1,"","","2020-11-03 00:00:00+00","","",False,False,"https://cicero.azavea.com/v3.1/admin/webservice/electionevent/15741/change/"
2576,2576,"Missouri Lieutenant Governor","MO","STATE","US",1,"","","2020-11-03 00:00:00+00","","",False,False,"https://cicero.azavea.com/v3.1/admin/webservice/electionevent/14587/change/"
2578,2578,"North Carolina Lieutenant Governor","NC","STATE","US",1,"","","2020-11-03 00:00:00+00","","",False,False,"https://cicero.azavea.com/v3.1/admin/webservice/electionevent/14626/change/"
2579,2579,"North Dakota Lieutenant Governor","ND","STATE","US",1,"","","2020-11-03 00:00:00+00","","",False,False,"https://cicero.azavea.com/v3.1/admin/webservice/electionevent/14629/change/"
2614,334,"Fresno City Council","CA","LOCAL","US",7,"4 years","http://www.fresno.gov/","2020-11-03 00:00:00+00","Districts 2, 4, and 6.","",False,False,"https://cicero.azavea.com/v3.1/admin/webservice/electionevent/16370/change/"
2616,521,"Fresno Mayor","CA","LOCAL","US",1,"4 years","http://www.fresno.gov/","2020-11-03 00:00:00+00","Districts 2, 4, and 6.","",False,False,"https://cicero.azavea.com/v3.1/admin/webservice/electionevent/16370/change/"
2622,303,"Mesa City Council","AZ","LOCAL","US",6,"4 years","http://www.cityofmesa.org/council/","2020-11-03 00:00:00+00","Districts 1, 2, 3","",False,False,"https://cicero.azavea.com/v3.1/admin/webservice/electionevent/16371/change/"
2623,190,"Mesa Mayor","AZ","LOCAL","US",1,"4 years","http://www.cityofmesa.org/council/","2020-11-03 00:00:00+00","Districts 1, 2, 3","",False,False,"https://cicero.azavea.com/v3.1/admin/webservice/electionevent/16371/change/"
2635,295,"San Diego Mayor","CA","LOCAL","US",1,"4 years","http://www.sandiego.gov/citycouncil/","2020-11-03 00:00:00+00","Mayor and odd seats","",False,False,"https://cicero.azavea.com/v3.1/admin/webservice/electionevent/15981/change/"
2636,937,"San Francisco Board of Supervisors","CA","LOCAL","US",11,"4 years","http://www.sfbos.org/","2020-11-03 00:00:00+00","Districts 1, 3, 5, 7, 9, 11","",False,False,"https://cicero.azavea.com/v3.1/admin/webservice/electionevent/16373/change/"
2641,682,"Florida House of Representatives","FL","STATE","US",120,"2 years","http://www.myfloridahouse.gov/","2020-11-03 00:00:00+00","","",False,False,"https://cicero.azavea.com/v3.1/admin/webservice/electionevent/16029/change/"
2644,238,"Missouri House of Representatives","MO","STATE","US",163,"2 years","http://www.house.mo.gov/","2020-11-03 00:00:00+00","","https://ballotpedia.org/Missouri_House_of_Representatives_elections,_2020",False,False,"https://cicero.azavea.com/v3.1/admin/webservice/electionevent/16183/change/"
2647,70,"North Dakota House of Representatives","ND","STATE","US",94,"4 years","http://www.legis.nd.gov/assembly/59-2005/house/","2020-11-03 00:00:00+00","","https://sos.nd.gov/elections",False,False,"https://cicero.azavea.com/v3.1/admin/webservice/electionevent/16204/change/"
2651,457,"Stockton Mayor","CA","LOCAL","US",1,"4 years","http://www.stocktongov.com/government/council/default.html","2020-11-03 00:00:00+00","","http://www.stocktongov.com/government/departments/clerk/elections.html",False,False,"https://cicero.azavea.com/v3.1/admin/webservice/electionevent/16448/change/"
2662,329,"North Carolina Senate","NC","STATE","US",50,"2 years","http://www.ncga.state.nc.us/Senate/Senate.html","2020-11-03 00:00:00+00","","",False,False,"https://cicero.azavea.com/v3.1/admin/webservice/electionevent/16265/change/"
2663,1028,"Oklahoma Senate","OK","STATE","US",48,"4 years","http://www.oksenate.gov/","2020-11-03 00:00:00+00","","",False,False,"https://cicero.azavea.com/v3.1/admin/webservice/electionevent/16746/change/"
2664,406,"The Senate of Texas","TX","STATE","US",31,"4 years","http://www.senate.state.tx.us/","2020-11-03 00:00:00+00","","",False,False,"https://cicero.azavea.com/v3.1/admin/webservice/electionevent/16350/change/"
2665,225,"Utah State Senate","UT","STATE","US",29,"4 years","http://www.utahsenate.org/","2020-11-03 00:00:00+00","","",False,False,"https://cicero.azavea.com/v3.1/admin/webservice/electionevent/16307/change/"
2666,762,"Washington State Senate","WA","STATE","US",49,"4 years","http://www.leg.wa.gov/Senate","2020-11-03 00:00:00+00","","",False,False,"https://cicero.azavea.com/v3.1/admin/webservice/electionevent/16397/change/"
2668,683,"Honolulu City Council","HI","LOCAL","US",9,"4 years","http://www.honolulu.gov/council/","2020-11-03 00:00:00+00","","",False,False,"https://cicero.azavea.com/v3.1/admin/webservice/electionevent/16339/change/"
2669,629,"Honolulu Mayor","HI","LOCAL","US",1,"4 years","http://www.honolulu.gov/council/","2020-11-03 00:00:00+00","Rick Blangiardi versus Keith Amemiya","https://en.wikipedia.org/wiki/2020_Honolulu_mayoral_election",False,True,"https://cicero.azavea.com/v3.1/admin/webservice/electionevent/18249/change/"
2673,2670,"Irving Mayor","TX","LOCAL","US",1,"3 years","","2020-11-03 00:00:00+00","Mayor, Place 3, Place 5","",False,False,"https://cicero.azavea.com/v3.1/admin/webservice/electionevent/18002/change/"
2675,398,"United States Senate","","NATIONAL","US",100,"6 years","http://www.senate.gov/","2020-11-03 00:00:00+00","Georgia. Senator Johnny Isakson resigned in 2019. The winner will fill the remaining term through January, 2023.","https://en.wikipedia.org/wiki/2020_United_States_Senate_special_election_in_Georgia",True,False,"https://cicero.azavea.com/v3.1/admin/webservice/electionevent/17723/change/"
2675,398,"United States Senate","","NATIONAL","US",100,"6 years","http://www.senate.gov/","2020-11-03 00:00:00+00","","",False,False,"https://cicero.azavea.com/v3.1/admin/webservice/electionevent/16231/change/"
2681,741,"Hawaii Senate","HI","STATE","US",25,"4 years","http://www.capitol.hawaii.gov/senate.aspx","2020-11-03 00:00:00+00","Half of seats up for election.","https://ballotpedia.org/Hawaii_State_Senate_elections,_2020",False,False,"https://cicero.azavea.com/v3.1/admin/webservice/electionevent/16025/change/"
2785,500,"Baltimore City Council","MD","LOCAL","US",15,"4 years","http://www.baltimorecitycouncil.com/","2020-11-03 00:00:00+00","All districts and Mayor are up for election.","",False,False,"https://cicero.azavea.com/v3.1/admin/webservice/electionevent/17975/change/"
2788,2788,"Delaware Lieutenant Governor","DE","STATE","US",1,"","","2020-11-03 00:00:00+00","","",False,False,"https://cicero.azavea.com/v3.1/admin/webservice/electionevent/14480/change/"
2789,2789,"Montana Lieutenant Governor","MT","STATE","US",1,"","","2020-11-03 00:00:00+00","","",False,False,"https://cicero.azavea.com/v3.1/admin/webservice/electionevent/14592/change/"
2819,122,"Miami-Dade Board of County Commissioners","FL","LOCAL","US",13,"4 years","http://www.miamidade.gov/commission/","2020-11-03 00:00:00+00","Odd districts","",False,False,"https://cicero.azavea.com/v3.1/admin/webservice/electionevent/16046/change/"
2898,2735,"Pinal County Board of Supervisors","AZ","LOCAL","US",5,"4 years","http://www.pinalcountyaz.gov/bos/Pages/Home.aspx","2020-11-03 00:00:00+00","","",False,False,"https://cicero.azavea.com/v3.1/admin/webservice/electionevent/14657/change/"
2900,2726,"Coconino County Board of Supervisors","AZ","LOCAL","US",5,"4 years","http://www.coconino.az.gov/index.aspx?nid=104","2020-11-03 00:00:00+00","","",False,False,"https://cicero.azavea.com/v3.1/admin/webservice/electionevent/14462/change/"
2901,2727,"Gila County Board of Supervisors","AZ","LOCAL","US",3,"4 years","http://www.gilacountyaz.gov/government/board_of_supervisors/index.php","2020-11-03 00:00:00+00","","",False,False,"https://cicero.azavea.com/v3.1/admin/webservice/electionevent/14497/change/"
2905,2731,"Maricopa County Board of Supervisors","AZ","LOCAL","US",5,"4 years","http://www.maricopa.gov/BOS/","2020-11-03 00:00:00+00","","",False,False,"https://cicero.azavea.com/v3.1/admin/webservice/electionevent/14563/change/"
2906,2732,"Mohave County Board of Supervisors","AZ","LOCAL","US",5,"4 years","http://www.mohavecounty.us/ContentPage.aspx?id=188","2020-11-03 00:00:00+00","","",False,False,"https://cicero.azavea.com/v3.1/admin/webservice/electionevent/14591/change/"
2907,2733,"Navajo County Board of Supervisors","AZ","LOCAL","US",5,"4 years","http://ext.navajocountyaz.gov/bos/","2020-11-03 00:00:00+00","","",False,False,"https://cicero.azavea.com/v3.1/admin/webservice/electionevent/14602/change/"
2909,2736,"Santa Cruz County Board of Supervisors","AZ","LOCAL","US",3,"4 years","http://www.santacruzcountyaz.gov/169/Board-of-Supervisors","2020-11-03 00:00:00+00","","",False,False,"https://cicero.azavea.com/v3.1/admin/webservice/electionevent/14680/change/"
2910,2737,"Yavapai County Board of Supervisors","AZ","LOCAL","US",5,"4 years","http://www.yavapai.us/bos/","2020-11-03 00:00:00+00","","",False,False,"https://cicero.azavea.com/v3.1/admin/webservice/electionevent/14747/change/"
2954,2848,"Greene County Commission","MO","LOCAL","US",3,"4 years","https://greenecountymo.gov/commission/","2020-11-03 00:00:00+00","","",False,False,"https://cicero.azavea.com/v3.1/admin/webservice/electionevent/16264/change/"
2955,2873,"Baton Rouge Mayor-President","LA","LOCAL","US",1,"4 years","http://brgov.com/dept/Mayor/","2020-11-08 00:00:00+00","","",False,False,"https://cicero.azavea.com/v3.1/admin/webservice/electionevent/16619/change/"
3017,2854,"Lake County Board of Commissioners","IN","LOCAL","US",3,"4 years","https://www.lakecountyin.org/portal/media-type/html/group/commissioners/page/default","2020-11-03 00:00:00+00","","https://www.lakevotes.com/",False,False,"https://cicero.azavea.com/v3.1/admin/webservice/electionevent/16175/change/"
3041,2886,"Richland County Council","SC","LOCAL","US",11,"4 years","http://www.richlandonline.com/Government/CountyCouncil.aspx","2020-11-03 00:00:00+00","","http://www.richlandcountysc.gov/Government/County-Council",False,False,"https://cicero.azavea.com/v3.1/admin/webservice/electionevent/16426/change/"
3048,2879,"Montgomery County Council","MD","LOCAL","US",9,"4 years","http://www.montgomerycountymd.gov/council/","2020-11-03 00:00:00+00","","",False,False,"https://cicero.azavea.com/v3.1/admin/webservice/electionevent/16172/change/"
3061,432,"Richmond City Council","VA","LOCAL","US",9,"4 years","http://www.richmondgov.com/CityCouncil/index.aspx","2020-11-03 00:00:00+00","All Districts and the mayor are up for election.","",False,False,"https://cicero.azavea.com/v3.1/admin/webservice/electionevent/16382/change/"
3095,91,"Scottsdale City Council","AZ","LOCAL","US",7,"4 years","http://www.scottsdaleaz.gov/council","2020-11-03 00:00:00+00","","",False,False,"https://cicero.azavea.com/v3.1/admin/webservice/electionevent/16376/change/"
3107,836,"Huntington Beach City Council","CA","LOCAL","US",7,"4 years","http://www.huntingtonbeachca.gov/government/elected_officials/city_council/","2020-11-03 00:00:00+00","","https://www.huntingtonbeachca.gov/government/election_info/",False,False,"https://cicero.azavea.com/v3.1/admin/webservice/electionevent/16126/change/"
3338,3321,"Hillsboro City Council","OR","LOCAL","US",7,"4 years","https://www.hillsboro-oregon.gov/your-city-government/the-mayor-and-city-council","2020-11-03 00:00:00+00","Position B in each ward (3)","",False,False,"https://cicero.azavea.com/v3.1/admin/webservice/electionevent/16359/change/"
3346,3316,"Rialto City Council","CA","LOCAL","US",5,"4 years","http://yourrialto.com/city-hall/city-council/","2020-11-03 00:00:00+00","","http://yourrialto.com/city-hall/departments/city-clerk/elections/",False,False,"https://cicero.azavea.com/v3.1/admin/webservice/electionevent/16427/change/"
3361,3308,"Wichita Falls City Council","TX","LOCAL","US",7,"2 years","http://www.wichitafallstx.gov/29/Mayor-and-City-Council","2020-11-03 00:00:00+00","","",False,False,"https://cicero.azavea.com/v3.1/admin/webservice/electionevent/16057/change/"
3371,3084,"Irvine City Council","CA","LOCAL","US",5,"Mayor: 2 years Council members: 4 years","http://www.cityofirvine.org/city-council","2020-11-03 00:00:00+00","","http://www.cityofirvine.org/government/city-clerk/municipal-election-information",False,False,"https://cicero.azavea.com/v3.1/admin/webservice/electionevent/16428/change/"
3391,3120,"Huntsville City Council","AL","LOCAL","US",5,"4 years","https://www.huntsvilleal.gov/government/city-council/","2020-11-03 00:00:00+00","Districts 1 & 5.","",False,False,"https://cicero.azavea.com/v3.1/admin/webservice/electionevent/16439/change/"
3415,3243,"Thousand Oaks City Council","CA","LOCAL","US",5,"4 years","http://www.toaks.org/departments/city-council","2020-11-03 00:00:00+00","","https://www.toaks.org/departments/city-clerk/elections",False,False,"https://cicero.azavea.com/v3.1/admin/webservice/electionevent/16429/change/"
3424,3134,"Oceanside City Council","CA","LOCAL","US",5,"4 years","https://www.ci.oceanside.ca.us/gov/council/default.asp","2020-11-03 00:00:00+00","","https://www.ci.oceanside.ca.us/gov/clerk/elections/current_elections.asp",False,False,"https://cicero.azavea.com/v3.1/admin/webservice/electionevent/16282/change/"
3482,3282,"Richmond City Council","CA","LOCAL","US",7,"4 years","http://www.ci.richmond.ca.us/2013/Government","2020-11-03 00:00:00+00","","https://www.ci.richmond.ca.us/1349/Elections",False,False,"https://cicero.azavea.com/v3.1/admin/webservice/electionevent/16432/change/"
3492,3223,"Antioch City Council","CA","LOCAL","US",5,"4 years","http://www.ci.antioch.ca.us/CityGov/CityCouncil.htm","2020-11-03 00:00:00+00","Mayor and two members of council","",False,False,"https://cicero.azavea.com/v3.1/admin/webservice/electionevent/12839/change/"
3505,3199,"Fairfield City Council","CA","LOCAL","US",5,"4 years","https://www.fairfield.ca.gov/gov/city_council/default.asp","2020-11-03 00:00:00+00","","",False,False,"https://cicero.azavea.com/v3.1/admin/webservice/electionevent/16139/change/"
3518,3265,"Hayward City Council","CA","LOCAL","US",7,"4 years","https://www.hayward-ca.gov/your-government/city-council","2020-11-03 00:00:00+00","4 council seats","",False,False,"https://cicero.azavea.com/v3.1/admin/webservice/electionevent/16182/change/"
3532,3301,"Daly City Council","CA","LOCAL","US",5,"4 years","http://www.dalycity.org/About_Daly_City/City_Officials.htm","2020-11-03 00:00:00+00","","http://www.dalycity.org/City_Hall/Departments/city_clerk/Election_Information.htm",False,False,"https://cicero.azavea.com/v3.1/admin/webservice/electionevent/16281/change/"
3557,3543,"Pearland Mayor","TX","LOCAL","US",1,"3 years","https://www.pearlandtx.gov/government/city-council","2020-11-03 00:00:00+00","Mayor, 3, 7","",False,False,"https://cicero.azavea.com/v3.1/admin/webservice/electionevent/18006/change/"
3593,3191,"Miami Gardens City Council","FL","LOCAL","US",7,"4 years","https://www.miamigardens-fl.gov/269/City-Council","2020-11-03 00:00:00+00","","",False,False,"https://cicero.azavea.com/v3.1/admin/webservice/electionevent/16084/change/"
3655,3612,"Frisco City Council","TX","LOCAL","US",6,"3 years","http://www.friscotexas.gov/585/City-Council","2020-11-03 00:00:00+00","2 council seats","",False,False,"https://cicero.azavea.com/v3.1/admin/webservice/electionevent/18009/change/"
3800,3142,"Elk Grove City Council","CA","LOCAL","US",5,"4 years (2 years for mayor)","http://www.elkgrovecity.org/cms/One.aspx?portalId=109669&pageId=119957","2020-11-03 00:00:00+00","Districts 1 and 3","http://www.elkgrovecity.org/city_hall/city_government/city_clerk/election_information",False,False,"https://cicero.azavea.com/v3.1/admin/webservice/electionevent/16089/change/"
3803,3104,"Fontana City Council","CA","LOCAL","US",5,"4 years","https://www.fontana.org/69/City-Council","2020-11-03 00:00:00+00","2 council seats","",False,False,"https://cicero.azavea.com/v3.1/admin/webservice/electionevent/16377/change/"
3806,3141,"Ontario City Council","CA","LOCAL","US",5,"4 years","http://www.ontarioca.gov/public-officials","2020-11-03 00:00:00+00","Two seats are up for election","",False,False,"https://cicero.azavea.com/v3.1/admin/webservice/electionevent/16142/change/"
3812,3179,"El Monte City Council","CA","LOCAL","US",5,"4 years (2 years for mayor)","http://www.ci.el-monte.ca.us/Government/ElectedOfficials/CityCouncil.aspx","2020-11-03 00:00:00+00","Mayor + 2 other council seats","https://www.ci.el-monte.ca.us/153/City-Clerks-Office",False,False,"https://cicero.azavea.com/v3.1/admin/webservice/electionevent/17215/change/"
3825,3105,"Moreno Valley City Council","CA","LOCAL","US",5,"4 years (2 years for mayor)","http://www.moreno-valley.ca.us/city_council/index.shtml","2020-11-03 00:00:00+00","Mayor + districts 1, 3","",False,False,"https://cicero.azavea.com/v3.1/admin/webservice/electionevent/16390/change/"
3848,606,"Chula Vista City Council","CA","LOCAL","US",5,"4 years","http://www.chulavistaca.gov/departments/mayor-council","2020-11-03 00:00:00+00","","https://www.chulavistaca.gov/departments/city-clerk/elections",False,False,"https://cicero.azavea.com/v3.1/admin/webservice/electionevent/16202/change/"
3861,3150,"Salinas City Council","CA","LOCAL","US",7,"4 years (2 years for mayor)","https://www.cityofsalinas.org/our-government/city-council","2020-11-03 00:00:00+00","Districts 1, 4, 6","",False,False,"https://cicero.azavea.com/v3.1/admin/webservice/electionevent/16238/change/"
3865,3271,"Pomona City Council","CA","LOCAL","US",7,"4 years","http://www.ci.pomona.ca.us/index.php/government/city-council","2020-11-03 00:00:00+00","","",False,False,"https://cicero.azavea.com/v3.1/admin/webservice/electionevent/16304/change/"
4014,3085,"Gilbert Town Council","AZ","LOCAL","US",7,"4 years","https://www.gilbertaz.gov/departments/town-hall/mayor-town-council","2020-11-03 00:00:00+00","Matt Nielsen versus Brigette Peterson","",False,False,"https://cicero.azavea.com/v3.1/admin/webservice/electionevent/18247/change/"
4015,3205,"Temecula City Council","CA","LOCAL","US",5,"4 years","https://temeculaca.gov/173/City-Council","2020-11-03 00:00:00+00","Districts 2 and 4","",False,False,"https://cicero.azavea.com/v3.1/admin/webservice/electionevent/16141/change/"
4066,3307,"Santa Maria City Council","CA","LOCAL","US",5,"4 years","http://www.cityofsantamaria.org/city-government/departments/mayor-city-council","2020-11-03 00:00:00+00","","https://www.cityofsantamaria.org/city-government/departments/city-clerk-records/elections",False,False,"https://cicero.azavea.com/v3.1/admin/webservice/electionevent/16440/change/"
4105,3285,"Pearland City Council","TX","LOCAL","US",7,"3 years","https://www.pearlandtx.gov/government/city-council","2020-11-03 00:00:00+00","Mayor, 3, 7","",False,False,"https://cicero.azavea.com/v3.1/admin/webservice/electionevent/18006/change/"
4139,3288,"West Covina City Council","CA","LOCAL","US",5,"4 years","http://www.westcovina.org/departments/mayor-city-council","2020-11-03 00:00:00+00","","https://www.westcovina.org/departments/city-clerk-/election-information",False,False,"https://cicero.azavea.com/v3.1/admin/webservice/electionevent/16444/change/"
4140,3129,"Santa Clarita City Council","CA","LOCAL","US",5,"4 years","http://www.santa-clarita.com/city-hall/city-council","2020-11-03 00:00:00+00","","",False,False,"https://cicero.azavea.com/v3.1/admin/webservice/electionevent/16122/change/"
4142,405,"Laredo City Council","TX","LOCAL","US",8,"4 years","http://www.cityoflaredo.com/government.html","2020-11-03 00:00:00+00","4, 5, 7, 8","",False,False,"https://cicero.azavea.com/v3.1/admin/webservice/electionevent/16252/change/"
4153,3614,"Frisco Mayor","TX","LOCAL","US",1,"3 years","http://www.friscotexas.gov/585/City-Council","2020-11-03 00:00:00+00","2 council seats","",False,False,"https://cicero.azavea.com/v3.1/admin/webservice/electionevent/18009/change/"
4199,883,"Grand Prairie City Council","TX","LOCAL","US",9,"3 years","https://www.gptx.org/city-government/mayor-and-city-council","2020-11-03 00:00:00+00","District 1, District 3, Place 7 AT LARGE","https://www.gptx.org/city-government/city-secretary/elections",False,False,"https://cicero.azavea.com/v3.1/admin/webservice/electionevent/18001/change/"
4228,2845,"St. Charles County Council","MO","LOCAL","US",7,"4 years","http://www.sccmo.org/286/County-Council","2020-11-03 00:00:00+00","Districts 2,4,6","https://www.sccmo.org/410/Election-Authority",False,False,"https://cicero.azavea.com/v3.1/admin/webservice/electionevent/16090/change/"
4253,563,"Stockton City Council","CA","LOCAL","US",6,"4 years","http://www.stocktongov.com/government/council/default.html","2020-11-03 00:00:00+00","","http://www.stocktongov.com/government/departments/clerk/elections.html",False,False,"https://cicero.azavea.com/v3.1/admin/webservice/electionevent/16448/change/"
4254,887,"Virginia Beach City Council","VA","LOCAL","US",10,"4 years","http://www.vbgov.com/government/departments/city-clerk/city-council/Pages/default.aspx","2020-11-03 00:00:00+00","Mayor, 1 at-large seat, Kempsville district, and Rose Hall district","",False,False,"https://cicero.azavea.com/v3.1/admin/webservice/electionevent/16226/change/"
4259,210,"San Diego City Council","CA","LOCAL","US",9,"4 years","http://www.sandiego.gov/citycouncil/","2020-11-03 00:00:00+00","Mayor and odd seats","",False,False,"https://cicero.azavea.com/v3.1/admin/webservice/electionevent/15981/change/"
4268,2734,"Pima County Board of Supervisors","AZ","LOCAL","US",5,"4 years","http://webcms.pima.gov/government/board_of_supervisors","2020-11-03 00:00:00+00","","",False,False,"https://cicero.azavea.com/v3.1/admin/webservice/electionevent/14656/change/"
4272,4236,"Hennepin County Board of Commissioners","MN","LOCAL","US",7,"4 years","http://www.hennepin.us/your-government#leadership","2020-11-03 00:00:00+00","","https://www.hennepin.us/residents/elections/prepare-vote",False,False,"https://cicero.azavea.com/v3.1/admin/webservice/electionevent/16449/change/"
4282,103,"Tennessee State Senate","TN","STATE","US",33,"4 years","http://www.capitol.tn.gov/senate/","2020-11-03 00:00:00+00","Even districts","",False,False,"https://cicero.azavea.com/v3.1/admin/webservice/electionevent/16048/change/"
4293,976,"President of the United States","","NATIONAL","US",1,"4 years","http://www.whitehouse.gov/","2020-11-03 00:00:00+00","","",False,False,"https://cicero.azavea.com/v3.1/admin/webservice/electionevent/14661/change/"
4308,791,"Pennsylvania Attorney General","PA","STATE","US",1,"4 years","http://www.attorneygeneral.gov/","2020-11-03 00:00:00+00","Attorney General, Auditor General, Treasurer, House, and odd numbered Senate districts","",False,False,"https://cicero.azavea.com/v3.1/admin/webservice/electionevent/13759/change/"
4309,421,"Pennsylvania Senate","PA","STATE","US",50,"4 years","http://www.pasen.gov/","2020-11-03 00:00:00+00","Attorney General, Auditor General, Treasurer, House, and odd numbered Senate districts","",False,False,"https://cicero.azavea.com/v3.1/admin/webservice/electionevent/13759/change/"
4330,2893,"Arlington County Board","VA","LOCAL","US",5,"4 years","https://countyboard.arlingtonva.us/","2020-11-03 00:00:00+00","One seat","",False,False,"https://cicero.azavea.com/v3.1/admin/webservice/electionevent/17465/change/"
4333,1033,"San Bernardino City Council","CA","LOCAL","US",7,"4 years","http://www.ci.san-bernardino.ca.us/cityhall/city_council/default.asp","2020-11-03 00:00:00+00","","http://www.sbcity.org/cityhall/city_clerk/election_information.asp",False,False,"https://cicero.azavea.com/v3.1/admin/webservice/electionevent/16425/change/"
4378,2511,"Miami-Dade County Mayor","FL","LOCAL","US",1,"","","2020-11-03 00:00:00+00","","",False,False,"https://cicero.azavea.com/v3.1/admin/webservice/electionevent/14577/change/"
4384,3270,"Escondido City Council","CA","LOCAL","US",5,"4 years","https://www.escondido.org/city-council.aspx","2020-11-03 00:00:00+00","","",False,False,"https://cicero.azavea.com/v3.1/admin/webservice/electionevent/16251/change/"
4388,3202,"Rochester City Council","MN","LOCAL","US",7,"4 years","http://www.rochestermn.gov/government/city-council","2020-11-03 00:00:00+00","","",False,False,"https://cicero.azavea.com/v3.1/admin/webservice/electionevent/17521/change/"
4413,3315,"San Mateo City Council","CA","LOCAL","US",5,"4 years","http://www.cityofsanmateo.org/index.aspx?NID=55","2020-11-03 00:00:00+00","General Municipal Elections to elect council members are held in San Mateo on the first Tuesday after the first Monday in November of each even-numbered year. After the passage of Measure B in 2017 to move to even-year elections, the next scheduled election year is 2020./ 2 At-Large Seats","",False,False,"https://cicero.azavea.com/v3.1/admin/webservice/electionevent/14945/change/"
4430,897,"Washington Governor","WA","STATE","US",1,"4 years","http://www.governor.wa.gov/","2020-11-03 00:00:00+00","","",False,False,"https://cicero.azavea.com/v3.1/admin/webservice/electionevent/14733/change/"
4441,7,"North Carolina Governor","NC","STATE","US",1,"4 years","http://www.governor.state.nc.us/","2020-11-03 00:00:00+00","","",False,False,"https://cicero.azavea.com/v3.1/admin/webservice/electionevent/14626/change/"
4442,183,"Missouri Governor","MO","STATE","US",1,"4 years","http://governor.mo.gov/","2020-11-03 00:00:00+00","","",False,False,"https://cicero.azavea.com/v3.1/admin/webservice/electionevent/14587/change/"
4450,608,"Indiana Governor","IN","STATE","US",1,"4 years","http://www.in.gov/gov/","2020-11-03 00:00:00+00","","",False,False,"https://cicero.azavea.com/v3.1/admin/webservice/electionevent/15741/change/"
4451,742,"Montana Governor","MT","STATE","US",1,"4 years","http://governor.mt.gov/","2020-11-03 00:00:00+00","","",False,False,"https://cicero.azavea.com/v3.1/admin/webservice/electionevent/14592/change/"
4454,601,"West Virginia Governor","WV","STATE","US",1,"4 years","http://www.governor.wv.gov/Pages/default.aspx","2020-11-03 00:00:00+00","","",False,False,"https://cicero.azavea.com/v3.1/admin/webservice/electionevent/14737/change/"
4460,710,"Utah Governor","UT","STATE","US",1,"4 years","http://www.utah.gov/governor/","2020-11-03 00:00:00+00","","",False,False,"https://cicero.azavea.com/v3.1/admin/webservice/electionevent/14721/change/"
4470,130,"Delaware Governor","DE","STATE","US",1,"4 years","http://governor.delaware.gov/","2020-11-03 00:00:00+00","","",False,False,"https://cicero.azavea.com/v3.1/admin/webservice/electionevent/14480/change/"
4498,490,"Maine House of Representatives","ME","STATE","US",151,"2 years","http://www.maine.gov/legis/house/","2020-11-03 00:00:00+00","","",False,False,"https://cicero.azavea.com/v3.1/admin/webservice/electionevent/16155/change/"
4499,708,"Minnesota House of Representatives","MN","STATE","US",134,"2 years","http://www.house.leg.state.mn.us/","2020-11-03 00:00:00+00","","https://ballotpedia.org/Minnesota_House_of_Representatives_elections,_2020",False,False,"https://cicero.azavea.com/v3.1/admin/webservice/electionevent/16301/change/"
4500,775,"Berkeley City Council","CA","LOCAL","US",8,"4 years","http://www.ci.berkeley.ca.us/ContentDisplay.aspx?id=9818","2020-11-03 00:00:00+00","Mayor & Council Districts 2, 3, 5, and 6","",False,False,"https://cicero.azavea.com/v3.1/admin/webservice/electionevent/18146/change/"
4502,445,"New York State Senate","NY","STATE","US",63,"2 years","http://www.nysenate.gov/?openform","2020-11-03 00:00:00+00","","https://ballotpedia.org/New_York_State_Senate_elections,_2020",False,False,"https://cicero.azavea.com/v3.1/admin/webservice/electionevent/16278/change/"
4507,700,"United States House of Representatives","","NATIONAL","US",441,"","http://www.house.gov/","2020-09-29 00:00:00+00","GA-5","",True,False,"https://cicero.azavea.com/v3.1/admin/webservice/electionevent/18235/change/"
4507,700,"United States House of Representatives","","NATIONAL","US",441,"","http://www.house.gov/","2020-11-03 00:00:00+00","","",False,False,"https://cicero.azavea.com/v3.1/admin/webservice/electionevent/16247/change/"
4512,3260,"Waco City Council","TX","LOCAL","US",6,"2 years","http://www.waco-texas.com/council.asp","2020-11-03 00:00:00+00","","",False,False,"https://cicero.azavea.com/v3.1/admin/webservice/electionevent/18010/change/"
4523,3233,"Surprise City Council","AZ","LOCAL","US",7,"4 years","https://www.surpriseaz.gov/1904/Mayor-Council","2020-11-03 00:00:00+00","","https://www.surpriseaz.gov/1904/City-Council",False,False,"https://cicero.azavea.com/v3.1/admin/webservice/electionevent/16453/change/"
4525,3743,"Mayor of Elizabeth","NJ","LOCAL","US",1,"4 years","http://www.elizabethnj.org/city-council/mayors-office","2020-11-03 00:00:00+00","","",False,False,"https://cicero.azavea.com/v3.1/admin/webservice/electionevent/14568/change/"
4544,3144,"Salem City Council","OR","LOCAL","US",9,"4 years (2 years for mayor)","http://www.cityofsalem.net/city-council","2020-11-03 00:00:00+00","Mayor + odd districts","",False,False,"https://cicero.azavea.com/v3.1/admin/webservice/electionevent/16313/change/"
4549,3070,"Corpus Christi City Council","TX","LOCAL","US",9,"2 years","http://www.cctexas.com/departments/mayor-and-city-council","2020-11-03 00:00:00+00","","https://www.cctexas.com/departments/mayor-and-city-council",False,False,"https://cicero.azavea.com/v3.1/admin/webservice/electionevent/17070/change/"
4560,3087,"Reno City Council","NV","LOCAL","US",7,"4 years","http://www.reno.gov/government/city-council","2020-11-03 00:00:00+00","Odd districts and at-large","",False,False,"https://cicero.azavea.com/v3.1/admin/webservice/electionevent/16047/change/"
4561,3089,"Winston-Salem Mayor","NC","LOCAL","US",1,"4 years","http://www.cityofws.org/Departments/Mayor","2020-11-03 00:00:00+00","","",False,False,"https://cicero.azavea.com/v3.1/admin/webservice/electionevent/14740/change/"
4562,3088,"Winston-Salem City Council","NC","LOCAL","US",8,"4 years","http://www.cityofws.org/Departments/City-Council","2020-11-03 00:00:00+00","","",False,False,"https://cicero.azavea.com/v3.1/admin/webservice/electionevent/14740/change/"
4572,3135,"Garden Grove City Council","CA","LOCAL","US",7,"2 years (Mayor), 4 years (Council)","http://www.ci.garden-grove.ca.us/citymanager/CityCouncil","2020-11-03 00:00:00+00","","https://ggcity.org/city-clerk",False,False,"https://cicero.azavea.com/v3.1/admin/webservice/electionevent/16455/change/"
4581,3114,"Little Rock Board of Directors","AR","LOCAL","US",10,"4 years","https://www.littlerock.gov/board-of-directors/meet-your-board-members/","2020-11-03 00:00:00+00","","https://www.littlerock.gov/city-administration/cityclerksoffice/board-elections/",False,False,"https://cicero.azavea.com/v3.1/admin/webservice/electionevent/16176/change/"
4594,965,"Arizona House of Representatives","AZ","STATE","US",60,"2 years","http://www.azhouse.gov/","2020-11-03 00:00:00+00","","https://ballotpedia.org/Arizona_House_of_Representatives_elections,_2020",False,False,"https://cicero.azavea.com/v3.1/admin/webservice/electionevent/16363/change/"
4595,837,"Arizona Senate","AZ","STATE","US",30,"2 years","http://www.azsenate.gov/","2020-11-03 00:00:00+00","","",False,False,"https://cicero.azavea.com/v3.1/admin/webservice/electionevent/16395/change/"
4598,1030,"Puerto Rico House of Representatives","PR","STATE","US",51,"4 years","http://www.camaraderepresentantes.org/","2020-11-03 00:00:00+00","House and Senate","",False,False,"https://cicero.azavea.com/v3.1/admin/webservice/electionevent/15736/change/"
4609,3182,"Round Rock City Council","TX","LOCAL","US",7,"3 years","https://www.roundrocktexas.gov/about/city-council/","2020-11-03 00:00:00+00","","",False,False,"https://cicero.azavea.com/v3.1/admin/webservice/electionevent/18007/change/"
4625,789,"Arlington City Council","TX","LOCAL","US",8,"2 years","http://www.arlington-tx.gov/citycouncil/","2020-11-03 00:00:00+00","District 1, District 2, District 6, District 7","",False,False,"https://cicero.azavea.com/v3.1/admin/webservice/electionevent/17999/change/"
4626,369,"Austin City Council","TX","LOCAL","US",10,"4 years","http://austintexas.gov/government","2020-11-03 00:00:00+00","Districts 2, 4, 6, 7, 10","",False,False,"https://cicero.azavea.com/v3.1/admin/webservice/electionevent/16298/change/"
4645,3121,"Huntsville Mayor","AL","LOCAL","US",1,"4 years","https://www.huntsvilleal.gov/government/mayors-office/","2020-11-03 00:00:00+00","","",False,False,"https://cicero.azavea.com/v3.1/admin/webservice/electionevent/15181/change/"
4646,3140,"Peoria City Council","AZ","LOCAL","US",7,"4 years","https://www.peoriaaz.gov/government/mayor-and-city-council","2020-11-03 00:00:00+00","3 Districts","",False,False,"https://cicero.azavea.com/v3.1/admin/webservice/electionevent/16099/change/"
4648,1021,"Phoenix Mayor","AZ","LOCAL","US",1,"4 years","https://www.phoenix.gov/mayorcouncil","2020-11-03 00:00:00+00","Mayor and Councilmembers in Districts 1, 3, 5 and 7","",False,False,"https://cicero.azavea.com/v3.1/admin/webservice/electionevent/16948/change/"
4653,859,"Bakersfield City Council","CA","LOCAL","US",7,"4 years","http://www.bakersfieldcity.us/gov/elected_officials/city_council.htm","2020-11-03 00:00:00+00","Districts 2, 5, 6","",False,False,"https://cicero.azavea.com/v3.1/admin/webservice/electionevent/16055/change/"
4654,19,"Bakersfield Mayor","CA","LOCAL","US",1,"","http://www.bakersfieldcity.us/gov/elected_officials/mayor/default.htm","2020-11-03 00:00:00+00","","",False,False,"https://cicero.azavea.com/v3.1/admin/webservice/electionevent/14441/change/"
4661,3146,"Corona City Council","CA","LOCAL","US",5,"4 years","https://www.coronaca.gov/about-us/city-council","2020-11-03 00:00:00+00","","https://www.coronaca.gov/government/departments-divisions/city-clerk/election-information",False,False,"https://cicero.azavea.com/v3.1/admin/webservice/electionevent/16186/change/"
4662,1048,"Los Angeles County Board of Supervisors","CA","LOCAL","US",5,"4 years","http://bos.lacounty.gov","2020-11-03 00:00:00+00","2, 4, 5","",False,False,"https://cicero.azavea.com/v3.1/admin/webservice/electionevent/16003/change/"
4668,3264,"Roseville City Council","CA","LOCAL","US",5,"4 years","https://www.roseville.ca.us/government/city_council","2020-11-03 00:00:00+00","","https://www.roseville.ca.us/government/departments/city_clerk/elections",False,False,"https://cicero.azavea.com/v3.1/admin/webservice/electionevent/16457/change/"
4669,271,"Sunnyvale City Council","CA","LOCAL","US",7,"4 years","https://sunnyvale.ca.gov/government/council/default.htm","2020-11-03 00:00:00+00","","https://sunnyvale.ca.gov/government/elections.htm",False,False,"https://cicero.azavea.com/v3.1/admin/webservice/electionevent/16456/change/"
4684,3262,"Denton City Council","TX","LOCAL","US",7,"2 years","https://www.cityofdenton.com/government/city-officials/city-council","2020-11-03 00:00:00+00","Mayor + 2 at-large","https://www.votedenton.com/",False,False,"https://cicero.azavea.com/v3.1/admin/webservice/electionevent/17997/change/"
4704,12,"Jersey City City Council","NJ","LOCAL","US",9,"4 years","https://www.cityofjerseycity.com/cityhall/citycouncil","2020-11-03 00:00:00+00","Ward D. Councilman Michael Yun passed away from an illness related to COVID-19. A temporary replacement was appointed to serve through this special election.","",True,False,"https://cicero.azavea.com/v3.1/admin/webservice/electionevent/18115/change/"
4723,681,"Nevada State Assembly","NV","STATE","US",42,"2 years","https://asm.leg.state.nv.us/Assembly/","2020-11-03 00:00:00+00","","",False,False,"https://cicero.azavea.com/v3.1/admin/webservice/electionevent/16179/change/"
4724,235,"Florida Senate","FL","STATE","US",40,"4 years","http://www.flsenate.gov/","2020-11-03 00:00:00+00","Odd numbered districts","https://ballotpedia.org/Florida_State_Senate_elections,_2020",False,False,"https://cicero.azavea.com/v3.1/admin/webservice/electionevent/16022/change/"
4724,235,"Florida Senate","FL","STATE","US",40,"4 years","http://www.flsenate.gov/","2020-11-03 00:00:00+00","District 20","",True,False,"https://cicero.azavea.com/v3.1/admin/webservice/electionevent/18130/change/"
4725,886,"Idaho House of Representatives","ID","STATE","US",70,"2 years","https://legislature.idaho.gov/house/","2020-11-03 00:00:00+00","All seats","",False,False,"https://cicero.azavea.com/v3.1/admin/webservice/electionevent/16170/change/"
4726,663,"Idaho State Senate","ID","STATE","US",35,"2 years","http://www.legislature.idaho.gov/senate/","2020-11-03 00:00:00+00","","https://ballotpedia.org/Idaho_State_Senate_elections,_2020",False,False,"https://cicero.azavea.com/v3.1/admin/webservice/electionevent/16185/change/"
4730,3171,"Vallejo City Council","CA","LOCAL","US",7,"4 years","http://www.ci.vallejo.ca.us/city_hall/city_government/mayor___city_council","2020-11-03 00:00:00+00","","http://www.ci.vallejo.ca.us/city_hall/departments___divisions/city_manager/city_clerk/voting___election_information",False,False,"https://cicero.azavea.com/v3.1/admin/webservice/electionevent/16458/change/"
4747,2851,"Cole County Commission","MO","LOCAL","US",3,"4 years","http://www.colecounty.org/324/County-Commission","2020-11-03 00:00:00+00","","https://www.colecounty.org/221/Elections-Voter-Information",False,False,"https://cicero.azavea.com/v3.1/admin/webservice/electionevent/16174/change/"
4748,3080,"Chandler City Council","AZ","LOCAL","US",7,"4 years","http://www.chandleraz.gov/default.aspx?pageid=245","2020-11-03 00:00:00+00","3 council seats","https://recorder.maricopa.gov/electionresults/citiestowns.aspx",False,False,"https://cicero.azavea.com/v3.1/admin/webservice/electionevent/15801/change/"
4763,388,"Delaware House of Representatives","DE","STATE","US",41,"2 years","http://legis.delaware.gov/","2020-11-03 00:00:00+00","","",False,False,"https://cicero.azavea.com/v3.1/admin/webservice/electionevent/16230/change/"
4764,3267,"Hollywood City Commission","FL","LOCAL","US",7,"4 years","http://www.hollywoodfl.org/89/City-Commission","2020-11-03 00:00:00+00","Election for mayor and district 2,4, and 6","",False,False,"https://cicero.azavea.com/v3.1/admin/webservice/electionevent/16042/change/"
4766,191,"Anaheim City Council","CA","LOCAL","US",6,"4 years","http://www.anaheim.net/173/City-Council","2020-11-03 00:00:00+00","District 1,4, and 5","",False,False,"https://cicero.azavea.com/v3.1/admin/webservice/electionevent/16070/change/"
4779,847,"Oregon Metro Council","OR","LOCAL","US",6,"4 years","http://www.oregonmetro.gov/index.cfm/go/by.web/id=28","2020-11-03 00:00:00+00","District 3, District 5","",False,True,"https://cicero.azavea.com/v3.1/admin/webservice/electionevent/18127/change/"
4782,3242,"City of Coral Springs Commission","FL","LOCAL","US",5,"Mayor: 2 years,  Commissioners: 4 years","http://www.coralsprings.org/government/city-commission","2020-11-03 00:00:00+00","","",False,False,"https://cicero.azavea.com/v3.1/admin/webservice/electionevent/16056/change/"
4783,3295,"Pompano Beach City Commission","FL","LOCAL","US",6,"2 years","http://pompanobeachfl.gov/index.php/pages/commission/commission","2020-11-03 00:00:00+00","All seats.","",False,False,"https://cicero.azavea.com/v3.1/admin/webservice/electionevent/16178/change/"
4789,3189,"Carlsbad City Council","CA","LOCAL","US",4,"4 years","http://www.carlsbadca.gov/cityhall/officials/default.asp","2020-11-03 00:00:00+00","District 2 and 4","",False,False,"https://cicero.azavea.com/v3.1/admin/webservice/electionevent/16181/change/"
4790,208,"Oklahoma House of Representatives","OK","STATE","US",101,"2 years","http://www.okhouse.gov/","2020-11-03 00:00:00+00","","",False,False,"https://cicero.azavea.com/v3.1/admin/webservice/electionevent/16747/change/"
4793,3099,"Fremont City Council","CA","LOCAL","US",7,"4 years","https://www.fremont.gov/598/Mayor","2020-11-03 00:00:00+00","","",False,False,"https://cicero.azavea.com/v3.1/admin/webservice/electionevent/16236/change/"
4795,519,"Oxnard City Council","CA","LOCAL","US",6,"4 years","http://citycouncil.cityofoxnard.org/Default.aspx?DepartmentID=3","2020-11-03 00:00:00+00","","https://www.oxnard.org/city-department/city-clerk/",False,False,"https://cicero.azavea.com/v3.1/admin/webservice/electionevent/16408/change/"
4798,3116,"Shreveport City Council","LA","LOCAL","US",7,"4 years","https://www.shreveportla.gov/index.aspx?nid=201","2020-11-03 00:00:00+00","District A","http://www.caddovoter.org/",True,False,"https://cicero.azavea.com/v3.1/admin/webservice/electionevent/18253/change/"
4800,3241,"Visalia City Council","CA","LOCAL","US",5,"4 years","https://www.visalia.city/government/city_council/default.asp","2020-11-03 00:00:00+00","Districts 1 and 2","",False,False,"https://cicero.azavea.com/v3.1/admin/webservice/electionevent/12805/change/"
4801,3249,"Fullerton City Council","CA","LOCAL","US",5,"4 years","https://www.cityoffullerton.com/gov/citycouncil/default.asp","2020-11-03 00:00:00+00","","https://www.cityoffullerton.com/gov/departments/city_clerk/elections/default.asp",False,False,"https://cicero.azavea.com/v3.1/admin/webservice/electionevent/16459/change/"
4802,3798,"Menlo Park City Council","CA","LOCAL","US",5,"4 years","https://www.menlopark.org/455/City-Council","2020-11-03 00:00:00+00","","https://www.menlopark.org/744/Elections",False,False,"https://cicero.azavea.com/v3.1/admin/webservice/electionevent/16422/change/"
4803,3174,"Odessa City Council","TX","LOCAL","US",7,"4 years","http://www.odessa-tx.gov/government/city-council","2020-11-03 00:00:00+00","","http://www.co.ector.tx.us/page/ector.Elections",False,False,"https://cicero.azavea.com/v3.1/admin/webservice/electionevent/16460/change/"
4804,3283,"Ventura City Council","CA","LOCAL","US",7,"4 years","https://www.cityofventura.ca.gov/712/City-Council","2020-11-03 00:00:00+00","","https://www.cityofventura.ca.gov/265/Election",False,False,"https://cicero.azavea.com/v3.1/admin/webservice/electionevent/16203/change/"
4805,3192,"Costa Mesa City Council","CA","LOCAL","US",7,"4 years","http://www.costamesaca.gov/index.aspx?page=73","2020-11-03 00:00:00+00","","https://www.costamesaca.gov/city-hall/city-departments/city-clerk/city-elections/city-elections-2020",False,False,"https://cicero.azavea.com/v3.1/admin/webservice/electionevent/16423/change/"
4810,3221,"Gresham City Council","OR","LOCAL","US",7,"4 years","https://greshamoregon.gov/Mayor-and-Council/","2020-11-03 00:00:00+00","Districts 1, 3, 5","https://greshamoregon.gov/Elections/",False,False,"https://cicero.azavea.com/v3.1/admin/webservice/electionevent/16329/change/"
4812,1044,"Alaska House of Representatives","AK","STATE","US",40,"2 years","http://akleg.gov/house.php","2020-11-03 00:00:00+00","","https://ballotpedia.org/United_States_House_of_Representatives_election_in_Alaska,_2020",False,False,"https://cicero.azavea.com/v3.1/admin/webservice/electionevent/16366/change/"
4814,1096,"Alaska State Senate","AK","STATE","US",20,"4 years","http://akleg.gov/senate.php","2020-11-03 00:00:00+00","","",False,False,"https://cicero.azavea.com/v3.1/admin/webservice/electionevent/16348/change/"
4824,3234,"Simi Valley City Council","CA","LOCAL","US",5,"4 years (2 years for mayor)","http://www.simivalley.org/departments/city-council","2020-11-03 00:00:00+00","","https://www.simivalley.org/",False,False,"https://cicero.azavea.com/v3.1/admin/webservice/electionevent/16431/change/"
4864,4862,"Regina Mayor","SK","LOCAL","CA",1,"4 years","https://www.regina.ca/residents/regina-mayor/","2020-10-28 00:00:00+00","Mayor and City Council","https://www.regina.ca/residents/city-administration/office-of-the-city-clerk/index.html",False,False,"https://cicero.azavea.com/v3.1/admin/webservice/electionevent/16593/change/"
4881,4880,"Saskatoon Mayor","SK","LOCAL","CA",1,"4 years","https://www.saskatoon.ca/city-hall/mayor-city-councillors/mayors-office","2020-10-28 00:00:00+00","","https://www.saskatoon.ca/city-hall/voting-elections",False,False,"https://cicero.azavea.com/v3.1/admin/webservice/electionevent/16551/change/"
4882,4879,"Saskatoon City Council","SK","LOCAL","CA",10,"4 years","https://www.saskatoon.ca/city-hall/mayor-city-councillors/city-councillors","2020-10-28 00:00:00+00","","https://www.saskatoon.ca/city-hall/voting-elections",False,False,"https://cicero.azavea.com/v3.1/admin/webservice/electionevent/16551/change/"
4934,4855,"Halifax Mayor","NS","LOCAL","CA",1,"4 years","https://www.halifax.ca/city-hall/mayor-mike-savage","2020-10-17 00:00:00+00","Mayor plus 16 Councillors","",False,False,"https://cicero.azavea.com/v3.1/admin/webservice/electionevent/16544/change/"
4949,2730,"La Paz County Board of Supervisors","AZ","LOCAL","US",3,"4 years","http://www.co.la-paz.az.us/231/Board-of-Supervisors","2020-11-03 00:00:00+00","","",False,False,"https://cicero.azavea.com/v3.1/admin/webservice/electionevent/14549/change/"
4960,4856,"Halifax Regional Council","NS","LOCAL","CA",16,"4 years","https://www.halifax.ca/city-hall/districts-councillors","2020-10-17 00:00:00+00","Mayor plus 16 Councillors","",False,False,"https://cicero.azavea.com/v3.1/admin/webservice/electionevent/16544/change/"
4969,2725,"Cochise County Board of Supervisors","AZ","LOCAL","US",3,"4 years","https://www.cochise.az.gov/board-supervisors/home","2020-11-03 00:00:00+00","","",False,False,"https://cicero.azavea.com/v3.1/admin/webservice/electionevent/14461/change/"
4984,211,"Oakland City Council","CA","LOCAL","US",8,"4 years","https://www.oaklandca.gov/departments/oakland-city-council","2020-11-03 00:00:00+00","Districts 1, 3, 5, 7, and Councilmember-At-Large","",False,False,"https://cicero.azavea.com/v3.1/admin/webservice/electionevent/16327/change/"
4986,3239,"Concord City Council","CA","LOCAL","US",5,"4 years","http://www.cityofconcord.org/237/Mayor-City-Council","2020-11-03 00:00:00+00","","http://www.cityofconcord.org/page.asp?pid=1012",False,False,"https://cicero.azavea.com/v3.1/admin/webservice/electionevent/16430/change/"
4987,774,"Colorado State Senate","CO","STATE","US",35,"4 years","http://leg.colorado.gov/","2020-11-03 00:00:00+00","","https://ballotpedia.org/Colorado_State_Senate_elections,_2020",False,False,"https://cicero.azavea.com/v3.1/admin/webservice/electionevent/16275/change/"
5030,792,"Alabama House of Representatives","AL","STATE","US",105,"4 years","http://www.legislature.state.al.us/aliswww/ISD/Splash_House.aspx","2020-11-03 00:00:00+00","","",False,False,"https://cicero.azavea.com/v3.1/admin/webservice/electionevent/16079/change/"
5030,792,"Alabama House of Representatives","AL","STATE","US",105,"4 years","http://www.legislature.state.al.us/aliswww/ISD/Splash_House.aspx","2020-11-17 00:00:00+00","District 49. April Weaver resigned to join the Trump administration.","https://ballotpedia.org/Alabama_state_legislative_special_elections,_2020",True,False,"https://cicero.azavea.com/v3.1/admin/webservice/electionevent/18103/change/"
5032,158,"New York State Assembly","NY","STATE","US",150,"2 years","https://nyassembly.gov/mem/","2020-11-03 00:00:00+00","","https://ballotpedia.org/New_York_State_Assembly_elections,_2020",False,False,"https://cicero.azavea.com/v3.1/admin/webservice/electionevent/16279/change/"
5087,233,"Texas House of Representatives","TX","STATE","US",150,"2 years","https://house.texas.gov/","2020-11-03 00:00:00+00","","https://ballotpedia.org/Texas_House_of_Representatives_elections,_2020",False,False,"https://cicero.azavea.com/v3.1/admin/webservice/electionevent/16302/change/"
5106,444,"Oregon State Senate","OR","STATE","US",30,"4 years","https://www.oregonlegislature.gov/senate","2020-11-03 00:00:00+00","","https://en.wikipedia.org/wiki/2020_United_States_Senate_election_in_Oregon",False,False,"https://cicero.azavea.com/v3.1/admin/webservice/electionevent/16322/change/"
5107,491,"Iowa House of Representatives","IA","STATE","US",100,"2 years","https://www.legis.iowa.gov/legislators/house","2020-11-03 00:00:00+00","","https://ballotpedia.org/Iowa_House_of_Representatives_elections,_2020",False,False,"https://cicero.azavea.com/v3.1/admin/webservice/electionevent/16379/change/"
5115,784,"Wyoming House of Representatives","WY","STATE","US",60,"2 years","https://www.wyoleg.gov/","2020-11-03 00:00:00+00","","",False,False,"https://cicero.azavea.com/v3.1/admin/webservice/electionevent/16319/change/"
5117,942,"Montana House of Representatives","MT","STATE","US",100,"2 years","https://leg.mt.gov/legislator-information/","2020-11-03 00:00:00+00","All","",False,False,"https://cicero.azavea.com/v3.1/admin/webservice/electionevent/16389/change/"
5118,628,"Montana State Senate","MT","STATE","US",50,"4 years","https://leg.mt.gov/","2020-11-03 00:00:00+00","","",False,False,"https://cicero.azavea.com/v3.1/admin/webservice/electionevent/16080/change/"
5119,3304,"Burbank City Council","CA","LOCAL","US",5,"4 years","http://www.burbankca.gov/about-us/city-council","2020-11-03 00:00:00+00","2 council seats","",False,False,"https://cicero.azavea.com/v3.1/admin/webservice/electionevent/16669/change/"
5195,1086,"El Paso City Council","TX","LOCAL","US",8,"4 years","http://www.elpasotexas.gov/government.asp","2020-11-03 00:00:00+00","Districts 2, 3, 4, 7","",False,False,"https://cicero.azavea.com/v3.1/admin/webservice/electionevent/16735/change/"
5214,1011,"Arkansas Senate","AR","STATE","US",35,"4 years","http://www.arkansas.gov/senate/","2020-11-03 00:00:00+00","https://ballotpedia.org/Arkansas_State_Senate_elections,_2020","https://ballotpedia.org/Arkansas_State_Senate_elections,_2020",False,False,"https://cicero.azavea.com/v3.1/admin/webservice/electionevent/16394/change/"
5215,39,"Vermont House of Representatives","VT","STATE","US",150,"2 years","https://legislature.vermont.gov/","2020-11-03 00:00:00+00","","",False,False,"https://cicero.azavea.com/v3.1/admin/webservice/electionevent/16402/change/"
5227,613,"Delaware State Senate","DE","STATE","US",21,"4 years","https://legis.delaware.gov/Senate","2020-11-03 00:00:00+00","11 seats up for election","",False,False,"https://cicero.azavea.com/v3.1/admin/webservice/electionevent/16149/change/"
5257,2671,"Irving City Council","TX","LOCAL","US",8,"3 years","http://cityofirving.org/210/Meet-Your-Mayor-and-Council","2020-11-03 00:00:00+00","Mayor, Place 3, Place 5","",False,False,"https://cicero.azavea.com/v3.1/admin/webservice/electionevent/18002/change/"
5259,450,"Los Angeles City Council","CA","LOCAL","US",15,"4 years","https://www.lacity.org/your-government/elected-officials/city-council","2020-11-03 00:00:00+00","","",False,True,"https://cicero.azavea.com/v3.1/admin/webservice/electionevent/16752/change/"
5266,857,"New Zealand House of Representatives","","NATIONAL","NZ",120,"3 years","https://www.parliament.nz/en/mps-and-electorates/members-of-parliament/","2020-10-17 00:00:00+00","Two questions will be presented: legalisation of cannabis and legalisation of voluntary euthanasia for those with a terminal illness","https://en.wikipedia.org/wiki/2020_New_Zealand_cannabis_referendum",False,False,"https://cicero.azavea.com/v3.1/admin/webservice/electionevent/18255/change/"
5266,857,"New Zealand House of Representatives","","NATIONAL","NZ",120,"3 years","https://www.parliament.nz/en/mps-and-electorates/members-of-parliament/","2020-10-17 00:00:00+00","120 seats in the House of Representatives","https://en.wikipedia.org/wiki/2020_New_Zealand_general_election",False,False,"https://cicero.azavea.com/v3.1/admin/webservice/electionevent/18254/change/"
5267,1080,"Phoenix City Council","AZ","LOCAL","US",8,"4 years","https://www.phoenix.gov/mayorcouncil","2020-11-03 00:00:00+00","Mayor and Councilmembers in Districts 1, 3, 5 and 7","",False,False,"https://cicero.azavea.com/v3.1/admin/webservice/electionevent/16948/change/"
5320,2594,"Washington Lieutenant Governor","WA","STATE","US",1,"","http://www.ltgov.wa.gov/","2020-11-03 00:00:00+00","","",False,False,"https://cicero.azavea.com/v3.1/admin/webservice/electionevent/14733/change/"
5321,3272,"Clarksville City Council","TN","LOCAL","US",12,"4 years","https://www.cityofclarksville.com/522/City-Council","2020-11-03 00:00:00+00","","https://mcgtn.org/election",False,False,"https://cicero.azavea.com/v3.1/admin/webservice/electionevent/16442/change/"
5322,3314,"El Cajon City Council","CA","LOCAL","US",5,"4 years","https://www.cityofelcajon.us/your-government/elected-officials/city-council","2020-11-03 00:00:00+00","Districts 2,3,4","https://www.cityofelcajon.us/your-government/departments/city-clerk/election-info",False,False,"https://cicero.azavea.com/v3.1/admin/webservice/electionevent/16083/change/"
5323,357,"Ann Arbor City Council","MI","LOCAL","US",11,"4 years","https://www.a2gov.org/departments/city-council/Pages/Home.aspx","2020-11-03 00:00:00+00","Half","",False,False,"https://cicero.azavea.com/v3.1/admin/webservice/electionevent/15802/change/"
5324,3130,"Port St. Lucie City Council","FL","LOCAL","US",5,"4 years","https://www.cityofpsl.com/government/mayor-city-council","2020-11-03 00:00:00+00","Districts 2 and 4","",False,False,"https://cicero.azavea.com/v3.1/admin/webservice/electionevent/16044/change/"
5325,3170,"Victorville City Council","CA","LOCAL","US",5,"4 years","https://www.victorvilleca.gov/government/city-departments/city-clerk/city-council","2020-11-03 00:00:00+00","","",False,False,"https://cicero.azavea.com/v3.1/admin/webservice/electionevent/16305/change/"
5326,3090,"Glendale City Council","AZ","LOCAL","US",7,"4 years","https://www.glendaleaz.com/your_government/city_council","2020-11-03 00:00:00+00","Mayor and 3 District Seats","https://www.glendaleaz.com/clerk/elections.cfm",False,False,"https://cicero.azavea.com/v3.1/admin/webservice/electionevent/16085/change/"
5338,756,"Virginia Beach Mayor","VA","LOCAL","US",1,"4 years","https://www.vbgov.com/government/departments/city-clerk/mayor/Pages/default.aspx","2020-11-03 00:00:00+00","Mayor, 1 at-large seat, Kempsville district, and Rose Hall district","",False,False,"https://cicero.azavea.com/v3.1/admin/webservice/electionevent/16226/change/"
5356,946,"Kansas Senate","KS","STATE","US",40,"4 years","http://kslegislature.org/li/","2020-11-03 00:00:00+00","","",False,False,"https://cicero.azavea.com/v3.1/admin/webservice/electionevent/14541/change/"
5357,926,"Vermont Senate","VT","STATE","US",30,"2 years","https://legislature.vermont.gov/","2020-11-03 00:00:00+00","","",False,False,"https://cicero.azavea.com/v3.1/admin/webservice/electionevent/16374/change/"
5358,952,"Utah House of Representatives","UT","STATE","US",75,"2 years","https://house.utah.gov/","2020-11-03 00:00:00+00","","",False,False,"https://cicero.azavea.com/v3.1/admin/webservice/electionevent/16261/change/"
5359,332,"Kansas House of Representatives","KS","STATE","US",125,"2 years","http://www.kslegislature.org/li/b2019_20/chamber/house/","2020-11-03 00:00:00+00","","https://ballotpedia.org/Kansas_House_of_Representatives_elections,_2020",False,False,"https://cicero.azavea.com/v3.1/admin/webservice/electionevent/16399/change/"
5360,507,"Indiana House of Representatives","IN","STATE","US",100,"2 years","http://iga.in.gov/","2020-11-03 00:00:00+00","","",False,False,"https://cicero.azavea.com/v3.1/admin/webservice/electionevent/16215/change/"
5364,265,"California State Assembly","CA","STATE","US",80,"2 years","https://www.assembly.ca.gov/assemblymembers","2020-11-03 00:00:00+00","All","",False,False,"https://cicero.azavea.com/v3.1/admin/webservice/electionevent/15983/change/"
5366,994,"Maine State Senate","ME","STATE","US",35,"2 years","http://legislature.maine.gov/senate/","2020-11-03 00:00:00+00","","",False,False,"https://cicero.azavea.com/v3.1/admin/webservice/electionevent/16213/change/"
5368,309,"Oregon House of Representatives","OR","STATE","US",60,"2 years","https://www.oregonlegislature.gov/","2020-11-03 00:00:00+00","","https://ballotpedia.org/Oregon_House_of_Representatives_elections,_2020",False,False,"https://cicero.azavea.com/v3.1/admin/webservice/electionevent/16321/change/"
5376,3245,"Elizabeth City Council","NJ","LOCAL","US",9,"4 years","http://www.elizabethnj.org/215/City-Council","2020-11-03 00:00:00+00","","http://ucnj.org/county-clerk/elections/",False,False,"https://cicero.azavea.com/v3.1/admin/webservice/electionevent/16177/change/"
5377,458,"North Dakota Senate","ND","STATE","US",47,"4 years","http://www.legis.nd.gov/assembly/","2020-11-03 00:00:00+00","","https://ballotpedia.org/North_Dakota_State_Senate_elections,_2020",False,False,"https://cicero.azavea.com/v3.1/admin/webservice/electionevent/16184/change/"
5378,132,"The Legislative Assembly for the Australian Capital Territory","ACT","STATE","AS",25,"4 years","https://www.parliament.act.gov.au/","2020-10-17 00:00:00+00","25 seats in the ACT Legislative Assembly","https://en.wikipedia.org/wiki/2020_Australian_Capital_Territory_general_election",False,False,"https://cicero.azavea.com/v3.1/admin/webservice/electionevent/17877/change/"
5380,2591,"Utah Lieutenant Governor","UT","STATE","US",1,"","","2020-11-03 00:00:00+00","","",False,False,"https://cicero.azavea.com/v3.1/admin/webservice/electionevent/14721/change/"
5382,2874,"Baton Rouge Metropolitan Council","LA","LOCAL","US",12,"4 years","https://www.brla.gov/561/Metropolitan-Council","2020-11-03 00:00:00+00","","",False,False,"https://cicero.azavea.com/v3.1/admin/webservice/electionevent/14445/change/"
5393,1000,"The Legislative Assembly of Saskatchewan","SK","STATE","CA",61,"","http://www.legassembly.sk.ca/","2020-11-02 00:00:00+00","","",False,False,"https://cicero.azavea.com/v3.1/admin/webservice/electionevent/16996/change/"
5401,3679,"Cape Coral City Council","FL","LOCAL","US",7,"4 years","http://www.capecoral.net/government/city_government/city_council/index.php#.WULh1Te1tpi","2020-11-03 00:00:00+00","Districts 2, 3, 5, and 7","",False,False,"https://cicero.azavea.com/v3.1/admin/webservice/electionevent/17128/change/"
5411,3248,"Orange City Council","CA","LOCAL","US",5,"4 years (2 years for mayor)","http://www.cityoforange.org/183/City-Council","2020-11-03 00:00:00+00","The city will move to by-district elections.","https://www.cityoforange.org/163/Elections",False,False,"https://cicero.azavea.com/v3.1/admin/webservice/electionevent/17034/change/"
5412,3155,"Killeen City Council","TX","LOCAL","US",8,"2 years","http://www.killeentexas.gov/153/City-Council","2020-11-03 00:00:00+00","mayor + at-large councilmembers","https://www.killeentexas.gov/510/Election",False,False,"https://cicero.azavea.com/v3.1/admin/webservice/electionevent/18003/change/"
5414,2728,"Graham County Board of Supervisors","AZ","LOCAL","US",3,"4 years","https://www.graham.az.gov/571/Board-Members","2020-11-03 00:00:00+00","","",False,False,"https://cicero.azavea.com/v3.1/admin/webservice/electionevent/14509/change/"
5420,366,"Lubbock City Council","TX","LOCAL","US",7,"2 years (Mayor), 4 years (Council)","https://ci.lubbock.tx.us/pages/city-government/city-council","2020-11-03 00:00:00+00","Mayor and Districts 2, 4, 6","",False,False,"https://cicero.azavea.com/v3.1/admin/webservice/electionevent/18005/change/"
5439,5434,"Ramsey County Board of Commissioners","MN","LOCAL","US",7,"4 years","https://www.ramseycounty.us/your-government/leadership/board-commissioners","2020-11-03 00:00:00+00","Districts 1, 2, and 7","https://ballotpedia.org/Government_of_Ramsey_County,_Minnesota",False,False,"https://cicero.azavea.com/v3.1/admin/webservice/electionevent/17593/change/"
5440,228,"Modesto City Council","CA","LOCAL","US",7,"4 years","http://www.modestogov.com/659/City-Council","2020-11-03 00:00:00+00","Mayor, districts 1, 3, 6","",False,False,"https://cicero.azavea.com/v3.1/admin/webservice/electionevent/17335/change/"
5467,3259,"Midland City Council","TX","LOCAL","US",7,"3 years","http://www.midlandtexas.gov/238/Mayor-City-Council","2020-11-02 00:00:00+00","2 seats","",False,False,"https://cicero.azavea.com/v3.1/admin/webservice/electionevent/17552/change/"
5491,415,"Queensland Legislative Assembly","QLD","STATE","AS",93,"3 years (approx)","https://www.parliament.qld.gov.au/","2020-10-31 00:00:00+00","All 93 seats in the Legislative Assembly of the unicameral parliament will be up for election.","https://en.wikipedia.org/wiki/Queensland_state_election,_2020",False,False,"https://cicero.azavea.com/v3.1/admin/webservice/electionevent/18063/change/"
5517,3138,"Santa Rosa City Council","CA","LOCAL","US",7,"4 years (2 years for mayor)","http://www.srcity.org/1322/City-Council","2020-11-03 00:00:00+00","4 council seats","",False,False,"https://cicero.azavea.com/v3.1/admin/webservice/electionevent/17792/change/"
5524,3201,"Vista City Council","CA","LOCAL","US",5,"4 years","https://www.cityofvista.com/city-hall/city-council","2020-11-03 00:00:00+00","","https://www.cityofvista.com/city-government/election-information",False,False,"https://cicero.azavea.com/v3.1/admin/webservice/electionevent/16434/change/"
5525,3149,"Palmdale City Council","CA","LOCAL","US",5,"4 years (2 years for mayor)","https://cityofpalmdale.org/304/City-Council","2020-11-03 00:00:00+00","Districts 1, 2","",False,False,"https://cicero.azavea.com/v3.1/admin/webservice/electionevent/16237/change/"
5526,3329,"Jurupa Valley City Council","CA","LOCAL","US",5,"4 years","https://www.jurupavalley.org/215/City-Council","2020-11-03 00:00:00+00","2 seats","",False,False,"https://cicero.azavea.com/v3.1/admin/webservice/electionevent/16330/change/"
5527,3136,"Rancho Cucamonga City Council","CA","LOCAL","US",5,"4 years","https://www.cityofrc.us/your-government/mayor-city-council","2020-11-03 00:00:00+00","","https://www.cityofrc.us/cityhall/clerk/election_information.asp",False,False,"https://cicero.azavea.com/v3.1/admin/webservice/electionevent/16454/change/"
5528,3187,"Downey City Council","CA","LOCAL","US",5,"4 years","https://www.downeyca.org/our-city/mayor-city-council/","2020-11-03 00:00:00+00","Odd districts","",False,False,"https://cicero.azavea.com/v3.1/admin/webservice/electionevent/16180/change/"
5529,279,"San Jose City Council","CA","LOCAL","US",10,"4 years","https://www.sanjoseca.gov/your-government/departments/city-council","2020-11-03 00:00:00+00","Districts 2, 4, 6, 8, 10","",False,False,"https://cicero.azavea.com/v3.1/admin/webservice/electionevent/16254/change/"
5530,3294,"Palm Bay City Council","FL","LOCAL","US",5,"4 years","https://www.palmbayflorida.org/government/city-departments-f-to-z/legislative/mayor-city-council","2020-11-03 00:00:00+00","","https://www.palmbayflorida.org/government/departments/city-council-city-clerk/city-clerk/elections",False,False,"https://cicero.azavea.com/v3.1/admin/webservice/electionevent/16464/change/"
5538,745,"Kentucky State Senate","KY","STATE","US",38,"4 years","https://legislature.ky.gov/Legislators/senate","2020-11-03 00:00:00+00","","",False,False,"https://cicero.azavea.com/v3.1/admin/webservice/electionevent/16396/change/"
5540,477,"New Mexico State Senate","NM","STATE","US",42,"4 years","https://www.nmlegis.gov/Members/Legislator_List?T=S","2020-11-03 00:00:00+00","","",False,False,"https://cicero.azavea.com/v3.1/admin/webservice/electionevent/14618/change/"
5541,605,"Kentucky House of Representatives","KY","STATE","US",100,"2 years","https://legislature.ky.gov","2020-11-03 00:00:00+00","","",False,False,"https://cicero.azavea.com/v3.1/admin/webservice/electionevent/16239/change/"
5542,523,"Garland City Council","TX","LOCAL","US",9,"2 years","https://www.garlandtx.gov/758/City-Council","2020-11-03 00:00:00+00","1,2,4,5","",False,False,"https://cicero.azavea.com/v3.1/admin/webservice/electionevent/18000/change/"
5543,3235,"Santa Clara City Council","CA","LOCAL","US",7,"4 years","https://www.santaclaraca.gov/our-city/government/mayor-and-council","2020-11-03 00:00:00+00","Districts 1, 4, 5, 6","http://santaclaraca.gov/government/santa-clara-votes",False,False,"https://cicero.azavea.com/v3.1/admin/webservice/electionevent/16331/change/"
5544,3231,"Murrieta City Council","CA","LOCAL","US",5,"4 years","https://www.murrietaca.gov/377/City-Council","2020-11-03 00:00:00+00","2 seats","",False,False,"https://cicero.azavea.com/v3.1/admin/webservice/electionevent/16250/change/"
5548,1049,"Colorado House of Representatives","CO","STATE","US",65,"2 years","http://leg.colorado.gov/","2020-11-03 00:00:00+00","","https://ballotpedia.org/Colorado_House_of_Representatives_elections,_2020",False,False,"https://cicero.azavea.com/v3.1/admin/webservice/electionevent/16241/change/"
5560,3247,"Pasadena City Council","CA","LOCAL","US",8,"4 years","http://ww5.cityofpasadena.net/mayor/","2020-11-03 00:00:00+00","Mayor","",False,True,"https://cicero.azavea.com/v3.1/admin/webservice/electionevent/17898/change/"
5561,125,"Long Beach City Council","CA","LOCAL","US",9,"4 years","http://www.longbeach.gov/council/","2020-11-03 00:00:00+00","Seats 2, 6, 8","",False,True,"https://cicero.azavea.com/v3.1/admin/webservice/electionevent/17918/change/"
5570,635,"Sacramento City Council","CA","LOCAL","US",8,"4 years","https://www.cityofsacramento.org/mayor-council/","2020-11-03 00:00:00+00","Districts 2 and 8","",False,True,"https://cicero.azavea.com/v3.1/admin/webservice/electionevent/17936/change/"
5572,4861,"Regina City Council","SK","LOCAL","CA",10,"4 years","https://www.regina.ca/residents/council-committees/meet-city-council/","2020-10-28 00:00:00+00","Mayor and City Council","https://www.regina.ca/residents/city-administration/office-of-the-city-clerk/index.html",False,False,"https://cicero.azavea.com/v3.1/admin/webservice/electionevent/16593/change/"
5578,981,"Puerto Rico Senate","PR","STATE","US",30,"4 years","https://senado.pr.gov/","2020-11-03 00:00:00+00","House and Senate","",False,False,"https://cicero.azavea.com/v3.1/admin/webservice/electionevent/15736/change/"
5585,2738,"Yuma County Board of Supervisors","AZ","LOCAL","US",5,"4 years","https://www.yumacountyaz.gov/government/board-of-supervisors/board-members","2020-11-03 00:00:00+00","","",False,False,"https://cicero.azavea.com/v3.1/admin/webservice/electionevent/14749/change/"
5586,2729,"Greenlee County Board of Supervisors","AZ","LOCAL","US",3,"4 years","https://www.co.greenlee.az.us/elected-officials/board-of-supervisors","2020-11-03 00:00:00+00","","",False,False,"https://cicero.azavea.com/v3.1/admin/webservice/electionevent/17069/change/"
5587,2723,"Apache County Board of Supervisors","AZ","LOCAL","US",3,"4 years","https://www.co.apache.az.us/board-of-supervisors/","2020-11-03 00:00:00+00","","",False,False,"https://cicero.azavea.com/v3.1/admin/webservice/electionevent/14421/change/"
5591,3313,"Tyler City Council","TX","LOCAL","US",7,"2 years","https://www.cityoftyler.org/government/government/mayor-and-council","2020-11-03 00:00:00+00","Mayor, Council Districts 2, 4, and 6","https://www.cityoftyler.org/Departments/CityClerk/Elections.aspx",False,False,"https://cicero.azavea.com/v3.1/admin/webservice/electionevent/18008/change/"
5592,1133,"Governor of Puerto Rico","PR","STATE","US",1,"4 years","https://www.fortaleza.pr.gov/","2020-11-03 00:00:00+00","","",False,False,"https://cicero.azavea.com/v3.1/admin/webservice/electionevent/15740/change/"
5595,5588,"Napa County Board of Supervisors","CA","LOCAL","US",5,"4 years","https://www.countyofnapa.org/2116/Board-of-Supervisors","2020-11-03 00:00:00+00","Districts 2, 4, and 5","",False,False,"https://cicero.azavea.com/v3.1/admin/webservice/electionevent/17979/change/"
5605,959,"Lexington-Fayette Urban County Council","KY","LOCAL","US",15,"2 years (districted), 4 years (at-large)","http://www.lexingtonky.gov/index.aspx?page=325","2020-11-03 00:00:00+00","All District Seats","https://fayettecountyclerk.com/web/elections",False,False,"https://cicero.azavea.com/v3.1/admin/webservice/electionevent/16900/change/"
5618,219,"Legislative Assembly of New Brunswick","NB","STATE","CA",49,"","https://www1.gnb.ca/legis/bios/59/index-e.asp","2020-09-14 00:00:00+00","","",False,False,"https://cicero.azavea.com/v3.1/admin/webservice/electionevent/18256/change/"
5631,2862,"Fort Myers City Council","FL","LOCAL","US",6,"4 years","https://cityftmyers.com/1168/Mayor-City-Council","2020-11-03 00:00:00+00","2,4,6","",False,False,"https://cicero.azavea.com/v3.1/admin/webservice/electionevent/17424/change/"
5632,3276,"Eugene City Council","OR","LOCAL","US",8,"4 years","https://www.eugene-or.gov/537/Mayor-and-City-Council","2020-11-03 00:00:00+00","District 1","",False,True,"https://cicero.azavea.com/v3.1/admin/webservice/electionevent/18128/change/"
5635,3311,"Lewisville City Council","TX","LOCAL","US",5,"3 years","https://www.cityoflewisville.com/about-us/mayor-and-council/city-council-bios","2020-11-03 00:00:00+00","","",False,False,"https://cicero.azavea.com/v3.1/admin/webservice/electionevent/18004/change/"
5636,3157,"Carrollton City Council","TX","LOCAL","US",8,"3 years","https://www.cityofcarrollton.com/government/city-manager-s-office/city-secretary/city-council-191","2020-11-03 00:00:00+00","Mayor, 1 at-large, place 4, place 6","http://www.cityofcarrollton.com/government/city-council/elections",False,False,"https://cicero.azavea.com/v3.1/admin/webservice/electionevent/17998/change/"
5646,729,"Massachusetts House of Representatives","MA","STATE","US",160,"2 years","https://malegislature.gov/People/House","2020-11-03 00:00:00+00","","",False,False,"https://cicero.azavea.com/v3.1/admin/webservice/electionevent/16283/change/"
5648,645,"Pennsylvania House of Representatives","PA","STATE","US",203,"2 years","http://www.house.state.pa.us/","2020-11-03 00:00:00+00","Attorney General, Auditor General, Treasurer, House, and odd numbered Senate districts","",False,False,"https://cicero.azavea.com/v3.1/admin/webservice/electionevent/13759/change/"
5656,488,"New Hampshire House of Representatives","NH","STATE","US",400,"2 years","http://www.gencourt.state.nh.us/house/","2020-11-03 00:00:00+00","","https://ballotpedia.org/New_Hampshire_House_of_Representatives_elections,_2020",False,False,"https://cicero.azavea.com/v3.1/admin/webservice/electionevent/16411/change/"
5671,3293,"College Station City Council","TX","LOCAL","US",7,"3 years","https://www.cstx.gov/departments___city_hall/council","2020-11-03 00:00:00+00","Places 1, 3, and 5","https://www.cstx.gov/departments___city_hall/elections",False,False,"https://cicero.azavea.com/v3.1/admin/webservice/electionevent/17333/change/"
5678,573,"Santa Ana City Council","CA","LOCAL","US",6,"4 years","https://www.santa-ana.org/mayor-and-city-council","2020-11-03 00:00:00+00","","",False,False,"https://cicero.azavea.com/v3.1/admin/webservice/electionevent/16419/change/"
5679,755,"Santa Ana Mayor","CA","LOCAL","US",1,"2 years","https://www.santa-ana.org/mayor-and-city-council","2020-11-03 00:00:00+00","","",False,False,"https://cicero.azavea.com/v3.1/admin/webservice/electionevent/16419/change/"
5681,2883,"Wake County Board of Commissioners","NC","LOCAL","US",7,"2 years","http://www.wakegov.com/commissioners/Pages/default.aspx","2020-11-03 00:00:00+00","Seats 4, 5, 6","",False,False,"https://cicero.azavea.com/v3.1/admin/webservice/electionevent/15991/change/"
5686,913,"New Mexico House of Representatives","NM","STATE","US",70,"2 years","http://www.nmlegis.gov/lcs/","2020-11-03 00:00:00+00","","",False,False,"https://cicero.azavea.com/v3.1/admin/webservice/electionevent/16398/change/"
5689,2882,"Mecklenburg Board of County Commissioners","NC","LOCAL","US",9,"2 years","https://www.mecknc.gov/Pages/Home.aspx","2020-11-03 00:00:00+00","All","",False,False,"https://cicero.azavea.com/v3.1/admin/webservice/electionevent/16002/change/"
5692,199,"Indiana State Senate","IN","STATE","US",50,"4 years","http://iga.in.gov/","2020-11-03 00:00:00+00","Half of seats up for election","https://ballotpedia.org/Indiana_State_Senate_elections,_2020",False,False,"https://cicero.azavea.com/v3.1/admin/webservice/electionevent/16030/change/"
