id,sk,name_formal,state,gov_type,country_code,official_count,term_length,url,upcoming_election,ue_remarks,ue_url_1,special,runoff
9071,5168,Delta Mayor,BC,LOCAL,CA,1,4 years,http://www.delta.ca/your-government/mayor-council/council-members/mayor-george-v-harvie,2022-10-15 00:00:00+00,,,,
5100,5058,Barrie City Council & Mayor,ON,LOCAL,CA,10,4 years,https://www.barrie.ca/City%20Hall/MayorCouncil/Pages/default.aspx,2022-10-24 00:00:00+00,,,,
8463,4837,Brampton City Council & Mayor,ON,LOCAL,CA,10,4 years,https://www.brampton.ca//en/City-Hall/CouncilOffice/Pages/Welcome.aspx,2022-10-24 00:00:00+00,,,,
5047,5045,Burlington City Council & Mayor,ON,LOCAL,CA,6,4 years,https://www.burlington.ca/en/services-for-you/Council-Members-and-Wards.asp,2022-10-24 00:00:00+00,,,,
5156,5079,Cambridge City Council & Mayor,ON,LOCAL,CA,8,4 years,https://www.cambridge.ca/en/your-city/City-Council-Members.aspx,2022-10-24 00:00:00+00,,,,
8867,5173,Chatham-Kent Municipal Council & Mayor,ON,LOCAL,CA,17,4 years,https://www.chatham-kent.ca/localgovernment/councillors/Pages/Councillors-by-Ward.aspx,2022-10-24 00:00:00+00,,,,
5054,5049,Greater Sudbury City Council & Mayor,ON,LOCAL,CA,12,4 years,https://www.greatersudbury.ca/city-hall/mayor-and-council/,2022-10-24 00:00:00+00,,,,
6558,5075,Guelph City Council & Mayor,ON,LOCAL,CA,12,4 years,https://guelph.ca/city-hall/mayor-and-council/,2022-10-24 00:00:00+00,,,,
4929,4841,Hamilton City Council & Mayor,ON,LOCAL,CA,15,4 years,https://www.hamilton.ca/council-committee/mayor-council/city-councillors,2022-10-24 00:00:00+00,,,,
5419,5131,Kingston City Council & Mayor,ON,LOCAL,CA,12,4 years,https://www.cityofkingston.ca/city-hall/city-council,2022-10-24 00:00:00+00,,,,
8863,5155,Milton Town Council & Mayor,ON,LOCAL,CA,8,4 years,https://www.milton.ca/en/town-hall/mayor-and-council.aspx,2022-10-24 00:00:00+00,,,,
6830,4829,Mississauga City Council & Mayor,ON,LOCAL,CA,11,4 years,https://www.mississauga.ca/council/city-council-members/,2022-10-24 00:00:00+00,,,,
5097,5041,Oakville Town Council & Mayor,ON,LOCAL,CA,14,4 years,https://www.oakville.ca/townhall/council.html,2022-10-24 00:00:00+00,,,,
5055,5053,Oshawa City Council & Mayor,ON,LOCAL,CA,10,4 years,https://www.oshawa.ca/city-hall/city-council.asp,2022-10-24 00:00:00+00,,,,
8874,5070,St. Catharines City Council & Mayor,ON,LOCAL,CA,12,4 years,https://www.stcatharines.ca/en/governin/MayorCouncil.asp,2022-10-24 00:00:00+00,,,,
5639,807,Toronto City Council & Mayor,ON,LOCAL,CA,25,,https://www.toronto.ca/city-government/council/,2022-10-24 00:00:00+00,,,,
8864,5164,Waterloo City Council & Mayor,ON,LOCAL,CA,7,4 years,https://www.waterloo.ca/en/government/city-council.aspx?_mid_=775,2022-10-24 00:00:00+00,,,,
5103,5082,Whitby Town Council & Mayor,ON,LOCAL,CA,8,4 years,https://www.whitby.ca/en/townhall/mayorandcouncil.asp,2022-10-24 00:00:00+00,,,,
4925,707,Mayor of Winnepeg,MB,LOCAL,CA,1,4 years,https://www.winnipeg.ca/interhom/mayor/default.asp,2022-10-26 00:00:00+00,Mayor plus 15 councillors,,f,f
4926,744,Winnipeg City Council,MB,LOCAL,CA,15,4 years,http://www.winnipeg.ca/council/,2022-10-26 00:00:00+00,Mayor plus 15 councillors,,f,f
5221,5135,Ajax Town Council & Mayor,ON,LOCAL,CA,6,4 years,https://www.ajax.ca/en/inside-townhall/council-members.aspx,2022-10-31 00:00:00+00,,https://election.ajax.ca/,f,f
5231,5126,Richmond Hill Town Council & Mayor,ON,LOCAL,CA,8,4 years,https://www.richmondhill.ca/en/our-services/Mayor-and-Council.aspx,2022-10-31 00:00:00+00,,,f,f
4431,640,Alabama Governor & Lieutenant Governor,AL,STATE,US,1,4 years,http://www.governor.alabama.gov/,2022-11-08 00:00:00+00,,,f,f
8773,792,Alabama House of Representatives,AL,STATE,US,105,4 years,https://www.legislature.state.al.us/aliswww/ISD/Splash_House.aspx,2022-11-08 00:00:00+00,,,f,f
7742,6967,Alabama Public Service Commission,AL,STATE,US,3,4 years,http://psc.alabama.gov/,2022-11-08 00:00:00+00,2 seats (associates only),"https://ballotpedia.org/Alabama_Public_Service_Commission_election,_2022",f,f
8256,6940,Alabama Secretary of State,AL,STATE,US,1,4 years,https://www.sos.alabama.gov/,2022-11-08 00:00:00+00,,"https://ballotpedia.org/Alabama_Secretary_of_State_election,_2022",f,f
6955,6946,Alabama State Auditor,AL,STATE,US,1,4 years,https://auditor.alabama.gov/,2022-11-08 00:00:00+00,,"https://ballotpedia.org/Alabama_Auditor_election,_2022",f,f
5355,941,Alabama State Senate,AL,STATE,US,35,4 years,http://www.legislature.state.al.us/aliswww/ISD/Splash_Senate.aspx,2022-11-08 00:00:00+00,,,f,f
8377,849,Alaska Governor & Lieutenant Governor,AK,STATE,US,1,4 years,https://gov.alaska.gov/,2022-11-08 00:00:00+00,,,f,f
4812,1044,Alaska House of Representatives,AK,STATE,US,40,2 years,http://akleg.gov/house.php,2022-11-08 00:00:00+00,,,f,f
4814,1096,Alaska State Senate,AK,STATE,US,20,4 years,http://akleg.gov/senate.php,2022-11-08 00:00:00+00,"Districts A, C, E, G, I, K, M, O, Q, S",,f,f
6573,191,Anaheim City Council,CA,LOCAL,US,7,4 years,http://www.anaheim.net/173/City-Council,2022-11-08 00:00:00+00,"Mayor and district 2,3, and 6",,f,f
5960,357,Ann Arbor City Council,MI,LOCAL,US,11,4 years,https://www.a2gov.org/departments/city-council/Pages/Home.aspx,2022-11-08 00:00:00+00,Half,,f,f
8518,3223,Antioch City Council,CA,LOCAL,US,5,4 years,https://www.antiochca.gov/government/city-council/,2022-11-08 00:00:00+00,District 1 and 4,https://www.antiochca.gov/district-elections/,f,f
7754,6918,Arizona Corporation Commission,AZ,STATE,US,5,4 years,https://www.azcc.gov/,2022-11-08 00:00:00+00,Two of five seats,"https://ballotpedia.org/Arizona_Corporation_Commission_election,_2022",f,f
8378,263,Arizona Governor,AZ,STATE,US,1,4 years,https://azgovernor.gov/,2022-11-08 00:00:00+00,,,f,f
6258,965,Arizona House of Representatives,AZ,STATE,US,60,2 years,https://www.azhouse.gov/,2022-11-08 00:00:00+00,,"https://ballotpedia.org/Arizona_House_of_Representatives_elections,_2020",f,f
7758,6896,Arizona Secretary of State,AZ,STATE,US,1,4 years,https://azsos.gov/,2022-11-08 00:00:00+00,,"https://ballotpedia.org/Arizona_Secretary_of_State_election,_2022",f,f
6273,837,Arizona Senate,AZ,STATE,US,30,2 years,https://www.azsenate.gov/,2022-11-08 00:00:00+00,,,f,f
7106,6897,Arizona State Treasurer,AZ,STATE,US,,4 years,https://www.aztreasury.gov/,2022-11-08 00:00:00+00,,"https://ballotpedia.org/Arizona_Treasurer_election,_2022",f,f
7759,6898,Arizona Superintendent of Public Instruction,AZ,STATE,US,,4 years,https://www.azed.gov/adeinfo/about-state-superintendent,2022-11-08 00:00:00+00,,"https://ballotpedia.org/Arizona_Superintendent_of_Public_Instruction_election,_2022",f,f
6929,6921,Arkansas Attorney General,AR,STATE,US,1,4 years,https://arkansasag.gov/,2022-11-08 00:00:00+00,,https://www.sos.arkansas.gov/elections,f,f
8385,1027,Arkansas Governor & Lieutenant Governor,AR,STATE,US,1,4 years,https://governor.arkansas.gov/,2022-11-08 00:00:00+00,,,f,f
6394,569,Arkansas House of Representatives,AR,STATE,US,100,2 years,https://www.arkansashouse.org/,2022-11-08 00:00:00+00,,"https://ballotpedia.org/Arkansas_House_of_Representatives_elections,_2022",f,f
7766,6923,Arkansas Secretary of State,AR,STATE,US,1,4 years,https://www.sos.arkansas.gov/,2022-11-08 00:00:00+00,,https://www.sos.arkansas.gov/elections,f,f
6390,1011,Arkansas Senate,AR,STATE,US,35,4 years,https://senate.arkansas.gov/,2022-11-08 00:00:00+00,,"https://ballotpedia.org/Arkansas_State_Senate_elections,_2022",f,f
7107,6926,Arkansas State Auditor,AR,STATE,US,1,4 years,https://auditor.ar.gov/,2022-11-08 00:00:00+00,,https://www.sos.arkansas.gov/elections,f,f
6930,6924,Arkansas Treasurer,AR,STATE,US,1,4 years,https://www.artreasury.gov/,2022-11-08 00:00:00+00,,https://www.sos.arkansas.gov/elections,f,f
6405,2893,Arlington County Board,VA,LOCAL,US,5,4 years,https://countyboard.arlingtonva.us/,2022-11-08 00:00:00+00,,,f,f
7734,6938,Attorney General of Alabama,AL,STATE,US,1,4 years,https://www.alabamaag.gov/,2022-11-08 00:00:00+00,,"https://ballotpedia.org/Alabama_Attorney_General_election,_2022",f,f
6894,6893,Attorney General of Arizona,AZ,STATE,US,1,4 years,https://www.azag.gov/,2022-11-08 00:00:00+00,,"https://ballotpedia.org/Arizona_Attorney_General_election,_2022",f,f
6995,6994,Attorney General of Connecticut,CT,STATE,US,1,4 years,https://portal.ct.gov/AG,2022-11-08 00:00:00+00,,"https://ballotpedia.org/Connecticut_Attorney_General_election,_2022",f,f
6988,6987,Attorney General of Delaware,DE,STATE,US,1,4,https://attorneygeneral.delaware.gov/,2022-11-08 00:00:00+00,,"https://ballotpedia.org/Delaware_Attorney_General_election,_2022",f,f
7040,7039,Attorney General of Florida,FL,STATE,US,1,4,http://www.myfloridalegal.com/,2022-11-08 00:00:00+00,,"https://ballotpedia.org/Florida_Attorney_General_election,_2022",f,f
7518,7518,Attorney General of Georgia,GA,STATE,US,1,4 years,https://law.georgia.gov/,2022-11-08 00:00:00+00,,"https://ballotpedia.org/Georgia_Attorney_General_election,_2022",f,f
8210,8210,Attorney General of Guam,GU,STATE,US,1,4 years,http://oagguam.org/,2022-11-08 00:00:00+00,,,f,f
7829,7078,Attorney General of Idaho,ID,STATE,US,1,4,https://www.ag.idaho.gov/,2022-11-08 00:00:00+00,,"https://ballotpedia.org/Idaho_Attorney_General_election,_2022",f,f
7838,7089,Attorney General of Illinois,IL,STATE,US,1,4,https://www.illinoisattorneygeneral.gov/,2022-11-08 00:00:00+00,,"https://ballotpedia.org/Illinois_Attorney_General_election,_2022",f,f
7869,7110,Attorney General of Iowa,IA,STATE,US,1,4,https://www.iowaattorneygeneral.gov/,2022-11-08 00:00:00+00,,"https://ballotpedia.org/Iowa_Attorney_General_election,_2022",f,f
7878,7122,Attorney General of Kansas,KS,STATE,US,1,4 years,https://ag.ks.gov/,2022-11-08 00:00:00+00,,"https://ballotpedia.org/Kansas_Attorney_General_election,_2022",f,f
7188,7188,Attorney General of Maryland,MD,STATE,US,1,4,https://www.marylandattorneygeneral.gov/,2022-11-08 00:00:00+00,,"https://ballotpedia.org/Maryland_Attorney_General_election,_2022",f,f
7208,7208,Attorney General of Massachusetts,MA,STATE,US,1,4 years,https://www.mass.gov/orgs/office-of-attorney-general-maura-healey,2022-11-08 00:00:00+00,,"https://ballotpedia.org/Massachusetts_Attorney_General_election,_2022",f,f
7235,7235,Attorney General of Michigan,MI,STATE,US,1,4 years,https://www.michigan.gov/ag/,2022-11-08 00:00:00+00,,"https://ballotpedia.org/Michigan_Attorney_General_election,_2022",f,f
7911,7561,Attorney General of Nebraska,NE,STATE,US,1,4 years,https://ago.nebraska.gov/,2022-11-08 00:00:00+00,,"https://ballotpedia.org/Nebraska_state_executive_official_elections,_2022",f,f
7920,7284,Attorney General of Nevada,NV,STATE,US,1,4 years,https://ag.nv.gov/,2022-11-08 00:00:00+00,,"https://ballotpedia.org/Nevada_Attorney_General_election,_2022",f,f
7981,7319,Attorney General of New York,NY,STATE,US,1,4 years,https://ag.ny.gov/,2022-11-08 00:00:00+00,,"https://ballotpedia.org/New_York_Attorney_General_election,_2022",f,f
7990,7343,Attorney General of North Dakota,ND,STATE,US,1,4 years,https://attorneygeneral.nd.gov/,2022-11-08 00:00:00+00,,"https://ballotpedia.org/North_Dakota_Attorney_General_election,_2022",f,f
8000,7355,Attorney General of Ohio,OH,STATE,US,1,4 years,https://www.ohioattorneygeneral.gov/,2022-11-08 00:00:00+00,,"https://ballotpedia.org/Ohio_Attorney_General_election,_2022",f,f
8260,7366,Attorney General of Oklahoma,OK,STATE,US,1,4 years,https://www.oag.ok.gov/,2022-11-08 00:00:00+00,,"https://ballotpedia.org/Oklahoma_Attorney_General_election,_2022",f,f
8286,7390,Attorney General of Rhode Island,RI,STATE,US,1,4 years,http://www.riag.ri.gov/,2022-11-08 00:00:00+00,,"https://ballotpedia.org/Rhode_Island_Attorney_General_election,_2022",f,f
8033,7401,Attorney General of South Carolina,SC,STATE,US,1,4 years,http://www.scag.gov/,2022-11-08 00:00:00+00,,"https://ballotpedia.org/South_Carolina_Attorney_General_election,_2022",f,f
8043,7413,Attorney General of South Dakota,SD,STATE,US,1,4 years,https://atg.sd.gov/,2022-11-08 00:00:00+00,,"https://ballotpedia.org/South_Dakota_Attorney_General_election,_2022",f,f
8061,7437,Attorney General of Texas,TX,STATE,US,1,4 years,https://www.texasattorneygeneral.gov/,2022-11-08 00:00:00+00,,"https://ballotpedia.org/Texas_Attorney_General_election,_2022",f,f
6973,6973,Attorney General of the State of California,CA,STATE,US,1,4 years,https://oag.ca.gov/home,2022-11-08 00:00:00+00,,,f,f
8071,7449,Attorney General of Vermont,VT,STATE,US,1,2 years,https://ago.vermont.gov/,2022-11-08 00:00:00+00,,"https://ballotpedia.org/Vermont_Attorney_General_election,_2022",f,f
8111,7496,Attorney General of Wisconsin,WI,STATE,US,1,4 years,https://www.doj.state.wi.us/,2022-11-08 00:00:00+00,,"https://ballotpedia.org/Wisconsin_Attorney_General_election,_2022",f,f
8402,2872,Augusta Commission & Mayor,GA,LOCAL,US,10,4 years,https://www.augustaga.gov/652/Augusta-Commission,2022-11-08 00:00:00+00,"Mayor and districts 2, 4, 6, 8, and 10",,f,f
5348,2871,Augusta Mayor,GA,LOCAL,US,1,4 years,https://www.augustaga.gov/,2022-11-08 00:00:00+00,"Mayor and districts 2, 4, 6, 8, and 10",,f,f
8756,369,Austin City Council,TX,LOCAL,US,11,4 years,https://www.austintexas.gov/government,2022-11-08 00:00:00+00,"Mayor and districts 1, 3, 5, 8, 9",,f,f
8442,859,Bakersfield City Council & Mayor,CA,LOCAL,US,7,4 years,https://www.bakersfieldcity.us/gov/elected_officials/city_council.htm,2022-11-08 00:00:00+00,"Districts 1, 3, 4",,f,f
5908,5834,Bend City Council,OR,LOCAL,US,7,4 years,https://www.bendoregon.gov/government/city-council,2022-11-08 00:00:00+00,"Mayor, positions 5-6",,f,f
8528,775,Berkeley City Council & Mayor,CA,LOCAL,US,8,4 years,https://www.cityofberkeley.info/ContentDisplay.aspx?id=9818,2022-11-08 00:00:00+00,"Districts 1, 4, 7, 8",,f,f
8372,3304,Burbank City Council,CA,LOCAL,US,5,4 years,https://www.burbankca.gov/elected-officials,2022-11-08 00:00:00+00,,,f,f
7769,7046,California Commissioner of Insurance,CA,STATE,US,1,4 years,http://www.insurance.ca.gov/,2022-11-08 00:00:00+00,,,f,f
5594,224,California Governor & Lieutenant Governor,CA,STATE,US,1,4 years,https://www.gov.ca.gov/,2022-11-08 00:00:00+00,,,f,f
7768,6976,California Secretary of State,CA,STATE,US,1,4 years,https://www.sos.ca.gov/,2022-11-08 00:00:00+00,,,f,f
6166,905,California Senate,CA,STATE,US,40,4 years,https://www.senate.ca.gov/,2022-11-08 00:00:00+00,Even numbered seats,"https://ballotpedia.org/California_State_Senate_elections,_2022",f,f
8390,265,California State Assembly,CA,STATE,US,80,2 years,https://www.assembly.ca.gov/assemblymembers,2022-11-08 00:00:00+00,All,,f,f
6978,6978,California State Controller,CA,STATE,US,1,4 years,http://www.sco.ca.gov/,2022-11-08 00:00:00+00,,,f,f
7256,6977,California State Treasurer,CA,STATE,US,1,4 years,http://www.treasurer.ca.gov/,2022-11-08 00:00:00+00,,,f,f
7044,7038,California Superintendent of Public Instruction,CA,STATE,US,1,4 years,https://www.cde.ca.gov/eo/,2022-11-08 00:00:00+00,,,f,f
8565,3679,Cape Coral City Council,FL,LOCAL,US,8,4 years,https://www.capecoral.gov/government/city_government/city_council/index.php#.WULh1Te1tpi,2022-11-08 00:00:00+00,,,f,f
8452,3189,Carlsbad City Council,CA,LOCAL,US,5,4 years,https://www.carlsbadca.gov/city-hall/city-council,2022-11-08 00:00:00+00,,http://www.carlsbadca.gov/cityhall/clerk/voter.asp,f,f
6732,3080,Chandler City Council,AZ,LOCAL,US,7,4 years,https://www.chandleraz.gov/government/mayor-and-council?pageid=245,2022-11-08 00:00:00+00,4 council seats (includes mayoral seat),https://recorder.maricopa.gov/electionresults/citiestowns.aspx,f,f
8613,3097,Chesapeake City Council,VA,LOCAL,US,9,4 years,https://www.cityofchesapeake.net/government/council.htm,2022-11-08 00:00:00+00,5 seats,,f,f
8424,606,Chula Vista City Council,CA,LOCAL,US,5,4 years,https://www.chulavistaca.gov/departments/mayor-council,2022-11-08 00:00:00+00,"Mayor, districts 1 and 2",https://www.chulavistaca.gov/departments/city-clerk/elections,f,f
8434,3242,City of Coral Springs Commission,FL,LOCAL,US,5,"Mayor: 2 years,  Commissioners: 4 years",https://www.coralsprings.org/Government/City-Commission,2022-11-08 00:00:00+00,"Mayor, at-large seats 2 and 4",,f,f
6247,3272,Clarksville City Council,TN,LOCAL,US,12,4 years,https://www.cityofclarksville.com/522/City-Council,2022-11-08 00:00:00+00,"Mayor and 1, 2, 5, 6, 7, 10\n",https://mcgtn.org/election,f,f
8441,2851,Cole County Commission,MO,LOCAL,US,3,4 years,https://colecounty.org/324/County-Commission,2022-11-08 00:00:00+00,,,f,f
6192,3293,College Station City Council,TX,LOCAL,US,7,4 years,https://www.cstx.gov/departments___city_hall/council,2022-11-08 00:00:00+00,"Three at-large seats (Place 1, Place 2, and Mayor).",https://www.cstx.gov/departments___city_hall/elections,f,f
7267,6958,Colorado Attorney General,CO,STATE,US,1,4 years,https://coag.gov/,2022-11-08 00:00:00+00,,"https://ballotpedia.org/Colorado_Attorney_General_election,_2022",f,f
8381,46,Colorado Governor & Lieutenant Governor,CO,STATE,US,1,4 years,https://www.colorado.gov/governor/,2022-11-08 00:00:00+00,,,f,f
6801,1049,Colorado House of Representatives,CO,STATE,US,65,2 years,https://leg.colorado.gov/,2022-11-08 00:00:00+00,,"https://ballotpedia.org/Colorado_House_of_Representatives_elections,_2020",f,f
7777,6959,Colorado Secretary of State,CO,STATE,US,1,4 years,https://www.sos.state.co.us/,2022-11-08 00:00:00+00,,"https://ballotpedia.org/Colorado_Secretary_of_State_election,_2022",f,f
6803,774,Colorado State Senate,CO,STATE,US,35,4 years,https://leg.colorado.gov/,2022-11-08 00:00:00+00,,"https://ballotpedia.org/Colorado_State_Senate_elections,_2022",f,f
7268,6960,Colorado State Treasurer,CO,STATE,US,1,4 years,https://treasury.colorado.gov/,2022-11-08 00:00:00+00,,"https://ballotpedia.org/Colorado_Treasurer_election,_2022",f,f
8366,8315,Commonwealth of the Northern Mariana Islands Attorney General,MP,STATE,US,1,4 years,http://cnmioag.org,2022-11-08 00:00:00+00,,https://en.wikipedia.org/wiki/2022_United_States_attorney_general_elections,f,f
4986,3239,Concord City Council,CA,LOCAL,US,5,4 years,http://www.cityofconcord.org/237/Mayor-City-Council,2022-11-08 00:00:00+00,,http://www.cityofconcord.org/page.asp?pid=1012,f,f
7077,7004,Connecticut Comptroller,CT,STATE,US,1,4 years,https://www.osc.ct.gov/,2022-11-08 00:00:00+00,,"https://ballotpedia.org/Connecticut_Comptroller_election,_2022",f,f
8376,227,Connecticut Governor & Lieutenant Governor,CT,STATE,US,1,4 years,https://portal.ct.gov/governor,2022-11-08 00:00:00+00,,,f,f
6373,1101,Connecticut House of Representatives,CT,STATE,US,151,2 years,https://www.cga.ct.gov/asp/menu/house.asp,2022-11-08 00:00:00+00,,"https://ballotpedia.org/Connecticut_House_of_Representatives_elections,_2022",f,f
7799,6998,Connecticut Secretary of the State,CT,STATE,US,1,4 years,https://portal.ct.gov/sots,2022-11-08 00:00:00+00,,"https://ballotpedia.org/Connecticut_Secretary_of_State_election,_2022",f,f
6778,581,Connecticut Senate,CT,STATE,US,36,2 years,https://www.cga.ct.gov/asp/menu/Senate.asp,2022-11-08 00:00:00+00,,,f,f
3056,2836,Cook County Board of Commissioners & President,IL,LOCAL,US,17,4 years,https://www.cookcountyil.gov/board-of-commissioners,2022-11-08 00:00:00+00,,,f,f
6214,3146,Corona City Council,CA,LOCAL,US,5,4 years,https://www.coronaca.gov/about-us/city-council,2022-11-08 00:00:00+00,"Districts 1, 4, 5",,f,f
6429,3070,Corpus Christi City Council,TX,LOCAL,US,9,2 years,https://www.cctexas.com/departments/mayor-and-city-council,2022-11-08 00:00:00+00,,,f,f
8520,3192,Costa Mesa City Council,CA,LOCAL,US,7,4 years,https://www.costamesaca.gov/city-hall/city-council,2022-11-08 00:00:00+00,,https://www.costamesaca.gov/city-hall/city-departments/city-clerk/city-elections/city-elections-2020,f,f
8845,3301,Daly City Council,CA,LOCAL,US,5,4 years,https://www.dalycity.org/409/City-Council,2022-11-08 00:00:00+00,3 seats,,f,f
6404,3327,Davie Town Council,FL,LOCAL,US,5,4 years,https://www.davie-fl.gov/151/Mayor-Town-Council,2022-11-08 00:00:00+00,All,,f,f
6431,388,Delaware House of Representatives,DE,STATE,US,41,2 years,https://legis.delaware.gov/Chambers/House/AssemblyMembers,2022-11-08 00:00:00+00,,,f,f
6992,6992,Delaware State Auditor,DE,STATE,US,1,4,https://auditor.delaware.gov/,2022-11-08 00:00:00+00,,"https://ballotpedia.org/Delaware_Auditor_election,_2022",f,f
6785,613,Delaware State Senate,DE,STATE,US,21,4 years,https://legis.delaware.gov/,2022-11-08 00:00:00+00,All seats up for election,,f,f
7304,6991,Delaware State Treasurer,DE,STATE,US,1,4,https://treasurer.delaware.gov/,2022-11-08 00:00:00+00,,"https://ballotpedia.org/Delaware_Treasurer_election,_2022",f,f
6100,3187,Downey City Council,CA,LOCAL,US,5,4 years,https://www.downeyca.org/our-city/mayor-city-council/,2022-11-08 00:00:00+00,Even districts,,f,f
5322,3314,El Cajon City Council,CA,LOCAL,US,5,4 years,https://www.cityofelcajon.us/your-government/elected-officials/city-council,2022-11-08 00:00:00+00,Mayor & District 1,,f,f
6523,3179,El Monte City Council,CA,LOCAL,US,5,4 years (2 years for mayor),http://www.ci.el-monte.ca.us/Government/ElectedOfficials/CityCouncil.aspx,2022-11-08 00:00:00+00,,"https://ballotpedia.org/El_Monte,_California",f,f
8444,1086,El Paso City Council & Mayor,TX,LOCAL,US,8,4 years,https://www.elpasotexas.gov/government.asp,2022-11-08 00:00:00+00,"1, 5, 6, 8",,f,f
6585,3142,Elk Grove City Council,CA,LOCAL,US,5,4 years (2 years for mayor),http://www.elkgrovecity.org/cms/One.aspx?portalId=109669&pageId=119957,2022-11-08 00:00:00+00,"Districts 2, 4 and mayor",http://www.elkgrovecity.org/city_hall/city_government/city_clerk/election_information,f,f
4384,3270,Escondido City Council,CA,LOCAL,US,5,4 years,https://www.escondido.org/city-council.aspx,2022-11-08 00:00:00+00,"Mayor, 1, 2",,f,f
8823,2895,Fairfax City Council,VA,LOCAL,US,6,2 years,https://www.fairfaxva.gov/government/mayor-city-council,2022-11-08 00:00:00+00,All positions,,f,f
8519,3199,Fairfield City Council,CA,LOCAL,US,7,4 years,https://www.fairfield.ca.gov/government/city-council/city-councilmembers,2022-11-08 00:00:00+00,,,f,f
7807,7042,Florida Chief Financial Officer,FL,STATE,US,1,4,https://www.myfloridacfo.com/division/cfo/,2022-11-08 00:00:00+00,,"https://ballotpedia.org/Florida_Chief_Financial_Officer_election,_2022",f,f
7808,7047,Florida Commissioner of Agriculture and Consumer Services,FL,STATE,US,1,4,https://www.fdacs.gov/,2022-11-08 00:00:00+00,,"https://ballotpedia.org/Florida_Agriculture_Commissioner_election,_2022",f,f
6459,322,Florida Governor & Lieutenant Governor,FL,STATE,US,1,4 years,http://www.flgov.com/,2022-11-08 00:00:00+00,,https://dos.myflorida.com/elections/,f,f
8782,682,Florida House of Representatives,FL,STATE,US,120,2 years,https://www.myfloridahouse.gov/,2022-11-08 00:00:00+00,,"https://ballotpedia.org/Florida_House_of_Representatives_elections,_2022",f,f
8781,235,Florida Senate,FL,STATE,US,40,4 years,https://www.flsenate.gov/,2022-11-08 00:00:00+00,,"https://ballotpedia.org/Florida_State_Senate_elections,_2022",f,f
6115,3104,Fontana City Council,CA,LOCAL,US,5,4 years,https://www.fontana.org/69/City-Council,2022-11-08 00:00:00+00,"Mayor, District 1 & 4",,f,f
6557,2862,Fort Myers City Council & Mayor,FL,LOCAL,US,6,4 years,https://cityftmyers.com/1168/Mayor-City-Council,2022-11-08 00:00:00+00,"Mayor, and Districts 1, 3, and 5.",,f,f
4793,3099,Fremont City Council,CA,LOCAL,US,7,4 years,https://www.fremont.gov/598/Mayor,2022-11-08 00:00:00+00,3 seats,,f,f
7184,334,Fresno City Council & Mayor,CA,LOCAL,US,7,4 years,https://www.fresno.gov/citycouncil/,2022-11-08 00:00:00+00,"Districts 1, 3, 5",,f,f
8422,3249,Fullerton City Council,CA,LOCAL,US,5,4 years,https://www.cityoffullerton.com/government/city-council,2022-11-08 00:00:00+00,"District 3, 5.",,f,f
8418,3135,Garden Grove City Council,CA,LOCAL,US,7,"2 years (Mayor), 4 years (Council)",https://ggcity.org/city-council,2022-11-08 00:00:00+00,"Mayor, District 1, 3, 4",,f,f
7815,7525,Georgia Commissioner of Agriculture,GA,STATE,US,1,4 years,http://agr.georgia.gov/,2022-11-08 00:00:00+00,,"https://ballotpedia.org/Georgia_Agriculture_Commissioner_election,_2022",f,f
7816,7527,Georgia Commissioner of Labor,GA,STATE,US,1,4 years,https://dol.georgia.gov/,2022-11-08 00:00:00+00,,"https://ballotpedia.org/Georgia_Labor_Commissioner_election,_2022",f,f
4464,434,Georgia Governor & Lieutenant Governor,GA,STATE,US,1,4 years,http://gov.georgia.gov/,2022-11-08 00:00:00+00,,,f,f
8170,961,Georgia House of Representatives,GA,STATE,US,180,2 years,https://www.legis.ga.gov/members/house,2022-11-08 00:00:00+00,,"https://ballotpedia.org/Georgia_House_of_Representatives_elections,_2022",f,f
7818,7523,Georgia Insurance and Safety Fire Commissioner,GA,STATE,US,1,4 years,https://oci.georgia.gov/,2022-11-08 00:00:00+00,,"https://ballotpedia.org/Georgia_Insurance_Commissioner_election,_2022",f,f
7819,7528,Georgia Public Service Commission,GA,STATE,US,5,6 years,https://psc.ga.gov/,2022-11-08 00:00:00+00,District 2,"https://ballotpedia.org/Georgia_Public_Service_Commission_election,_2022",f,f
7820,7519,Georgia Secretary of State,GA,STATE,US,1,4 years,https://sos.ga.gov/,2022-11-08 00:00:00+00,,"https://ballotpedia.org/Georgia_Secretary_of_State_election,_2022",f,f
6267,545,Georgia State Senate,GA,STATE,US,56,2 years,https://www.legis.ga.gov/senate,2022-11-08 00:00:00+00,All,,f,f
7522,7522,Georgia State Superintendent of Schools,GA,STATE,US,1,4 years,https://www.gadoe.org/Pages/superintendent.aspx,2022-11-08 00:00:00+00,,"https://ballotpedia.org/Georgia_Superintendent_of_Schools_election,_2022",f,f
6040,3085,Gilbert Town Council,AZ,LOCAL,US,7,4 years,https://www.gilbertaz.gov/departments/town-hall/mayor-town-council,2022-11-08 00:00:00+00,,,f,f
5935,3090,Glendale City Council,AZ,LOCAL,US,7,4 years,https://www.glendaleaz.com/your_government/city_council,2022-11-08 00:00:00+00,"3 districts (Barrel, Cholla, Ocotillo)",https://www.glendaleaz.com/clerk/elections.cfm,f,f
8314,1539,Governor of the Commonwealth of the Northern Mariana Islands,MP,STATE,US,1,4 years,https://governor.gov.mp/,2022-11-08 00:00:00+00,,https://en.wikipedia.org/wiki/2022_Northern_Mariana_Islands_gubernatorial_election,f,f
8329,1535,Governor of the United States Virgin Islands,VI,STATE,US,1,4 years,https://www.vi.gov/,2022-11-08 00:00:00+00,,,f,f
8476,969,Grand Rapids City Commission,MI,LOCAL,US,7,4 years,https://www.grandrapidsmi.gov/Government/City-Commission,2022-11-08 00:00:00+00,One official from each ward,,f,f
6351,2848,Greene County Commission,MO,LOCAL,US,3,4 years,https://greenecountymo.gov/commission/,2022-11-08 00:00:00+00,,,f,f
6545,3221,Gresham City Council,OR,LOCAL,US,7,4 years,https://greshamoregon.gov/Mayor-and-Council/,2022-11-08 00:00:00+00,"2, 4, 6",,f,f
8251,8250,Guam Consolidated Commission on Utilities,GU,STATE,US,5,4 years,https://guamccu.org/about-us/,2022-11-08 00:00:00+00,3 of 5 seats,,f,f
8822,3254,Hampton City Council,VA,LOCAL,US,7,4 years,https://hampton.gov/222/City-Council,2022-11-08 00:00:00+00,"Mayor and 3 councilmembers. Originally scheduled for May 5th, all local elections in Virginia were moved to May 19th.",,f,f
8375,111,Hawaii Governor & Lieutenant Governor,HI,STATE,US,1,4 years,https://governor.hawaii.gov/,2022-11-08 00:00:00+00,,,f,f
8489,721,Hawaii House of Representatives,HI,STATE,US,51,2 years,https://www.capitol.hawaii.gov/house.aspx,2022-11-08 00:00:00+00,All districts.,"https://ballotpedia.org/Hawaii_House_of_Representatives_elections,_2022",f,f
5997,741,Hawaii Senate,HI,STATE,US,25,4 years,https://www.capitol.hawaii.gov/senate.aspx,2022-11-08 00:00:00+00,,"https://ballotpedia.org/Hawaii_State_Senate_elections,_2022",f,f
6539,504,Henderson City Council & Mayor,NV,LOCAL,US,4,4 years,https://www.cityofhenderson.com/government/departments/mayor-and-council,2022-11-08 00:00:00+00,Ward III,,f,f
6768,4236,Hennepin County Board of Commissioners,MN,LOCAL,US,7,4 years,https://www.hennepin.us/your-government#leadership,2022-11-08 00:00:00+00,,,f,f
8530,3321,Hillsboro City Council,OR,LOCAL,US,7,4 years,https://www.hillsboro-oregon.gov/our-city/departments/city-manager-s-office/hillsboro-101,2022-11-08 00:00:00+00,Position A in each ward (3),,f,f
6135,3267,Hollywood City Commission,FL,LOCAL,US,7,4 years,http://www.hollywoodfl.org/89/City-Commission,2022-11-08 00:00:00+00,"Election for districts 1, 3, and 5",,f,f
6449,683,Honolulu City Council & Mayor,HI,LOCAL,US,9,4 years,https://www.honolulu.gov/council/,2022-11-08 00:00:00+00,,,f,f
6295,836,Huntington Beach City Council,CA,LOCAL,US,7,4 years,https://www.huntingtonbeachca.gov/government/elected_officials/city_council/,2022-11-08 00:00:00+00,,,f,f
7831,7080,Idaho Controller,ID,STATE,US,1,4,https://www.sco.idaho.gov/,2022-11-08 00:00:00+00,,"https://ballotpedia.org/Idaho_Controller_election,_2022",f,f
8379,611,Idaho Governor & Lieutenant Governor,ID,STATE,US,1,4 years,https://gov.idaho.gov/,2022-11-08 00:00:00+00,,,f,f
6103,886,Idaho House of Representatives,ID,STATE,US,70,2 years,https://legislature.idaho.gov/house/,2022-11-08 00:00:00+00,All seats,,f,f
7836,7079,Idaho Secretary of State,ID,STATE,US,1,4,https://sos.idaho.gov/,2022-11-08 00:00:00+00,,"https://ballotpedia.org/Idaho_Secretary_of_State_election,_2022",f,f
6156,663,Idaho State Senate,ID,STATE,US,35,2 years,https://legislature.idaho.gov/senate/,2022-11-08 00:00:00+00,All,,f,f
7837,7082,Idaho Superintendent of Public Instruction,ID,STATE,US,1,4,https://www.sde.idaho.gov/superintendent/,2022-11-08 00:00:00+00,,"https://ballotpedia.org/Idaho_Superintendent_of_Public_Instruction_election,_2022",f,f
7081,7081,Idaho Treasurer,ID,STATE,US,1,4,https://sto.idaho.gov/,2022-11-08 00:00:00+00,,"https://ballotpedia.org/Idaho_Treasurer_election,_2022",f,f
7841,7091,Illinois Comptroller,IL,STATE,US,1,4,https://illinoiscomptroller.gov/,2022-11-08 00:00:00+00,,"https://ballotpedia.org/Illinois_Comptroller_election,_2022",f,f
6484,864,Illinois Governor,IL,STATE,US,1,4 years,http://www2.illinois.gov/gov/Pages/default.aspx,2022-11-08 00:00:00+00,,,f,f
6776,1082,Illinois House of Representatives,IL,STATE,US,118,2 years,https://www.ilga.gov/house/,2022-11-08 00:00:00+00,,"https://ballotpedia.org/Illinois_House_of_Representatives_elections,_2022",f,f
2567,2567,Illinois Lieutenant Governor,IL,STATE,US,1,,,2022-11-08 00:00:00+00,,,f,f
7846,7090,Illinois Secretary of State,IL,STATE,US,1,4,https://www.cyberdriveillinois.com/,2022-11-08 00:00:00+00,,"https://ballotpedia.org/Illinois_Secretary_of_State_election,_2022",f,f
8814,1002,Illinois Senate,IL,STATE,US,59,4 years,https://www.ilga.gov/senate/,2022-11-08 00:00:00+00,,,f,f
7092,7092,Illinois Treasurer,IL,STATE,US,1,4,https://www.illinoistreasurer.gov/,2022-11-08 00:00:00+00,,"https://ballotpedia.org/Illinois_Treasurer_election,_2022",f,f
6096,507,Indiana House of Representatives,IN,STATE,US,100,2 years,http://iga.in.gov/,2022-11-08 00:00:00+00,,,f,f
7859,7220,Indiana Secretary of State,IN,STATE,US,1,4 years,https://www.in.gov/sos/,2022-11-08 00:00:00+00,,"https://ballotpedia.org/Indiana_Secretary_of_State_election,_2022",f,f
7647,7224,Indiana State Auditor,IN,STATE,US,1,4 years,https://www.in.gov/auditor/,2022-11-08 00:00:00+00,,"https://ballotpedia.org/Indiana_Auditor_election,_2022",f,f
5994,199,Indiana State Senate,IN,STATE,US,50,4 years,http://iga.in.gov/,2022-11-08 00:00:00+00,Half of seats up for election,"https://ballotpedia.org/Indiana_State_Senate_elections,_2020",f,f
7648,7223,Indiana State Treasurer,IN,STATE,US,1,4 years,https://www.in.gov/tos/,2022-11-08 00:00:00+00,,"https://ballotpedia.org/Indiana_Treasurer_election,_2022",f,f
6514,3207,Inglewood City Council,CA,LOCAL,US,5,4 years,https://www.cityofinglewood.org/571/City-Council,2022-11-08 00:00:00+00,"Mayor, Districts 1 & 2",https://www.cityofinglewood.org/440/Elections,f,f
6479,21,Iowa Governor & Lieutenant Governor,IA,STATE,US,1,4 years,https://governor.iowa.gov/,2022-11-08 00:00:00+00,,,f,f
6891,491,Iowa House of Representatives,IA,STATE,US,100,2 years,https://www.legis.iowa.gov/legislators/house,2022-11-08 00:00:00+00,,"https://ballotpedia.org/Iowa_House_of_Representatives_elections,_2022",f,f
7113,7111,Iowa Secretary of State,IA,STATE,US,1,4,https://sos.iowa.gov/,2022-11-08 00:00:00+00,,"https://ballotpedia.org/Iowa_Secretary_of_State_election,_2022",f,f
7867,7114,Iowa State Auditor,IA,STATE,US,1,4,https://www.auditor.iowa.gov/,2022-11-08 00:00:00+00,,"https://ballotpedia.org/Iowa_Auditor_election,_2022",f,f
6302,113,Iowa State Senate,IA,STATE,US,50,4 years,https://www.legis.iowa.gov/index.aspx,2022-11-08 00:00:00+00,Even numbered district officials elected in 2020 will serve out the remainder of their term in new districts after 2022.,"https://ballotpedia.org/Iowa_State_Senate_elections,_2020",f,f
7868,7112,Iowa State Treasurer,IA,STATE,US,1,4,https://www.iowatreasurer.gov/,2022-11-08 00:00:00+00,,"https://ballotpedia.org/Iowa_Treasurer_election,_2022",f,f
8436,3084,Irvine City Council,CA,LOCAL,US,5,Mayor: 2 years Council members: 4 years,https://www.cityofirvine.org/city-council,2022-11-08 00:00:00+00,,http://www.cityofirvine.org/government/city-clerk/municipal-election-information,f,f
6213,3329,Jurupa Valley City Council,CA,LOCAL,US,5,4 years,https://www.jurupavalley.org/215/City-Council,2022-11-08 00:00:00+00,"Districts 1, 3, 5",,f,f
7871,7127,Kansas Commissioner of Insurance,KS,STATE,US,1,4 years,https://insurance.kansas.gov/,2022-11-08 00:00:00+00,,"https://ballotpedia.org/Kansas_Insurance_Commissioner_election,_2022",f,f
6482,184,Kansas Governor & Lieutenant Governor,KS,STATE,US,1,4 years,https://governor.kansas.gov/,2022-11-08 00:00:00+00,,,f,f
6301,332,Kansas House of Representatives,KS,STATE,US,125,2 years,http://www.kslegislature.org/,2022-11-08 00:00:00+00,All,"https://ballotpedia.org/Kansas_House_of_Representatives_elections,_2020",f,f
7875,7123,Kansas Secretary of State,KS,STATE,US,1,4 years,https://sos.ks.gov/,2022-11-08 00:00:00+00,,"https://ballotpedia.org/Kansas_Secretary_of_State_election,_2022",f,f
7877,7124,Kansas Treasurer,KS,STATE,US,1,4 years,https://www.kansasstatetreasurer.com/,2022-11-08 00:00:00+00,,"https://ballotpedia.org/Kansas_Treasurer_election,_2022",f,f
6241,605,Kentucky House of Representatives,KY,STATE,US,100,2 years,https://legislature.ky.gov,2022-11-08 00:00:00+00,,,f,f
9057,745,Kentucky State Senate,KY,STATE,US,38,4 years,https://legislature.ky.gov/Legislators/senate,2022-11-08 00:00:00+00,Even seats,,f,f
3017,2854,Lake County Board of Commissioners,IN,LOCAL,US,3,4 years,https://www.lakecountyin.org/portal/media-type/html/group/commissioners/page/default,2022-11-08 00:00:00+00,all seats up after redistricting,,f,f
4229,2897,Lake County Council,IN,LOCAL,US,7,4 years,https://www.lakecountyin.org/portal/group/council/page/default,2022-11-08 00:00:00+00,,https://www.lakecountyil.gov/163/Elections,f,f
5833,5831,Lakewood Township Committee,NJ,LOCAL,US,5,3 years,https://www.lakewoodnj.gov/section/government,2022-11-08 00:00:00+00,1 seat,,f,f
8417,405,Laredo City Council & Mayor,TX,LOCAL,US,8,4 years,https://www.cityoflaredo.com/government.html,2022-11-08 00:00:00+00,,http://www.webbcountytx.gov/electionsadministration/,f,f
5408,891,Las Vegas City Council & Mayor,NV,LOCAL,US,6,4 years,https://www.lasvegasnevada.gov/Government/Mayor-City-Council,2022-11-08 00:00:00+00,"2,4,6",,f,f
8821,8810,Laurens County Board of Commissioners,GA,LOCAL,US,5,4 years,https://www.laurenscoga.org/181/Commissioners,2022-11-08 00:00:00+00,"Districts 1, 4, 5",,f,f
6010,5845,League City City Council,TX,LOCAL,US,8,4 years,https://www.leaguecity.com/412/City-Council,2022-11-08 00:00:00+00,"Mayor, Positions 1, 2, 6, 7",,f,f
8160,240,Lexington Mayor,KY,LOCAL,US,1,4 years,http://www.lexingtonky.gov/index.aspx?page=325,2022-11-08 00:00:00+00,All seats,,f,f
6227,959,Lexington-Fayette Urban County Council,KY,LOCAL,US,15,"2 years (districted), 4 years (at-large)",http://www.lexingtonky.gov/index.aspx?page=325,2022-11-08 00:00:00+00,All seats,,f,f
8310,8310,Lieutenant Governor of the Commonwealth of the Northern Mariana Islands,MP,STATE,US,1,4 years,https://governor.gov.mp,2022-11-08 00:00:00+00,,https://en.wikipedia.org/wiki/2022_Northern_Mariana_Islands_gubernatorial_election,f,f
8207,8198,Lieutenant Governor of the United States Virgin Islands,VI,STATE,US,1,4 years,https://ltg.gov.vi/,2022-11-08 00:00:00+00,,,f,f
6303,3114,Little Rock Board of Directors & Mayor,AR,LOCAL,US,10,4 years,https://www.littlerock.gov/board-of-directors/meet-your-board-members/,2022-11-08 00:00:00+00,"Mayor and Board seats 1, 2, 5, 6, 7",https://www.littlerock.gov/city-administration/cityclerksoffice/board-elections/,f,f
9058,450,Los Angeles City Council & Mayor,CA,LOCAL,US,15,4 years,https://www.lacity.org/your-government/elected-officials/city-council,2022-11-08 00:00:00+00,,,f,f
7655,7167,Louisiana Public Service Commission,LA,STATE,US,5,6 years,http://www.lpsc.louisiana.gov/,2022-11-08 00:00:00+00,"Districts 3 and 4. If necessary, a general election will be held on December 10.",https://www.sos.la.gov/ElectionsAndVoting/PublishedDocuments/ElectionsCalendar2022.pdf,f,f
6953,246,Louisville Metro Council & Mayor,KY,LOCAL,US,26,4 years,https://louisvilleky.gov/government/metro-council,2022-11-08 00:00:00+00,Odd numbered districts,,f,f
6483,186,Maine Governor & Lieutenant Governor,ME,STATE,US,1,4 years,https://www.maine.gov/governor/,2022-11-08 00:00:00+00,,,f,f
8510,490,Maine House of Representatives,ME,STATE,US,151,2 years,https://legislature.maine.gov/house/house/,2022-11-08 00:00:00+00,,,f,f
6102,994,Maine State Senate,ME,STATE,US,35,2 years,http://legislature.maine.gov/senate/,2022-11-08 00:00:00+00,,,f,f
7191,7190,Maryland Comptroller,MD,STATE,US,1,4 years,https://www.marylandtaxes.gov/,2022-11-08 00:00:00+00,,"https://ballotpedia.org/Maryland_Comptroller_election,_2022",f,f
5375,375,Maryland Governor & Lieutenant Governor,MD,STATE,US,1,4 years,https://governor.maryland.gov/,2022-11-08 00:00:00+00,,,f,f
9037,624,Maryland House of Delegates,MD,STATE,US,141,4 years,http://www.msa.md.gov/msa/mdmanual/06hse/html/hse.html,2022-11-08 00:00:00+00,,,f,f
6799,842,Maryland State Senate,MD,STATE,US,47,4 years,https://mgaleg.maryland.gov/mgawebsite/,2022-11-08 00:00:00+00,,,f,f
7219,7219,Massachusetts Auditor of the Commonwealth,MA,STATE,US,1,4 years,https://www.mass.gov/orgs/office-of-the-state-auditor,2022-11-08 00:00:00+00,,"https://ballotpedia.org/Massachusetts_Auditor_election,_2022",f,f
6477,550,Massachusetts Governor & Lieutenant Governor,MA,STATE,US,1,4 years,http://www.mass.gov/governor/,2022-11-08 00:00:00+00,,,f,f
5646,729,Massachusetts House of Representatives,MA,STATE,US,160,2 years,https://malegislature.gov/People/House,2022-11-08 00:00:00+00,,"https://ballotpedia.org/Massachusetts_House_of_Representatives_elections,_2022",f,f
6286,167,Massachusetts Senate,MA,STATE,US,40,2 years,https://malegislature.gov/People/Senate,2022-11-08 00:00:00+00,,"https://ballotpedia.org/Massachusetts_State_Senate_elections,_2022",f,f
7218,7218,Massachusetts Treasurer,MA,STATE,US,1,4 years,https://www.masstreasury.org/,2022-11-08 00:00:00+00,,"https://ballotpedia.org/Massachusetts_Treasurer_election,_2022",f,f
8737,8619,Maui County Council & Mayor,HI,LOCAL,US,9,2 years,http://mauicounty.us/councilmembers/,2022-11-08 00:00:00+00,All,,f,f
5333,3273,Mayor of Clarksville,TN,LOCAL,US,1,4 years,https://www.cityofclarksville.com/283/Mayors-Office,2022-11-08 00:00:00+00,"Mayor and 1, 2, 5, 6, 7, 10\n",https://mcgtn.org/election,f,f
2629,129,Mayor of Providence,RI,LOCAL,US,1,4 years,http://cityof.providenceri.com/mayor,2022-11-08 00:00:00+00,,,f,f
7025,2882,Mecklenburg Board of County Commissioners,NC,LOCAL,US,9,2 years,https://www.mecknc.gov/Pages/Home.aspx,2022-11-08 00:00:00+00,,,f,f
8913,8893,Menifee City Council,CA,LOCAL,US,5,4 years,https://www.cityofmenifee.us/89/City-Council,2022-11-08 00:00:00+00,,https://www.cityofmenifee.us/431/Election-and-Voter-Information,f,f
6447,3798,Menlo Park City Council,CA,LOCAL,US,5,4 years,https://www.menlopark.org/455/City-Council,2022-11-08 00:00:00+00,"District 1, 2, and 4",https://www.menlopark.org/744/Elections,f,f
8529,303,Mesa City Council,AZ,LOCAL,US,7,4 years,https://www.mesaaz.gov/government/mayor-council?locale=en,2022-11-08 00:00:00+00,"Districts 4, 5, 6",,f,f
6069,3191,Miami Gardens City Council,FL,LOCAL,US,7,4 years,https://www.miamigardens-fl.gov/269/City-Council,2022-11-08 00:00:00+00,"Districts 2 and 4, plus 1 at-large seat.",,f,f
6134,122,Miami-Dade Board of County Commissioners & Mayor,FL,LOCAL,US,13,4 years,https://www.miamidade.gov/global/government/commission/home.page,2022-11-08 00:00:00+00,Even districts,,f,f
5374,820,Michigan Governor & Lieutenant Governor,MI,STATE,US,1,4 years,https://www.michigan.gov/,2022-11-08 00:00:00+00,,,f,f
6177,798,Michigan House of Representatives,MI,STATE,US,110,2 years,https://www.house.mi.gov/,2022-11-08 00:00:00+00,,"https://ballotpedia.org/Michigan_House_of_Representatives_elections,_2022",f,f
7684,7236,Michigan Secretary of State,MI,STATE,US,1,4 years,https://www.michigan.gov/sos/,2022-11-08 00:00:00+00,,"https://ballotpedia.org/Michigan_Secretary_of_State_election,_2022",f,f
8498,703,Michigan State Senate,MI,STATE,US,38,4 years,https://senate.michigan.gov/,2022-11-08 00:00:00+00,All districts.,,f,f
6095,3259,Midland City Council,TX,LOCAL,US,7,3 years,http://www.midlandtexas.gov/238/Mayor-City-Council,2022-11-08 00:00:00+00,"Districts 3 & 4, plus at-large mayoral seat.",,f,f
7246,7245,Minnesota Attorney General,MN,STATE,US,1,4 years,https://www.ag.state.mn.us/,2022-11-08 00:00:00+00,,"https://ballotpedia.org/Minnesota_Attorney_General_election,_2022",f,f
6465,379,Minnesota Governor & Lieutenant Governor,MN,STATE,US,1,4 years,http://mn.gov/governor/,2022-11-08 00:00:00+00,,,f,f
6254,708,Minnesota House of Representatives,MN,STATE,US,134,2 years,https://www.house.leg.state.mn.us/,2022-11-08 00:00:00+00,,"https://ballotpedia.org/Minnesota_House_of_Representatives_elections,_2022",f,f
6466,2575,Minnesota Lieutenant Governor,MN,STATE,US,1,,,2022-11-08 00:00:00+00,,,f,f
7902,7247,Minnesota Secretary of State,MN,STATE,US,1,4 years,https://www.sos.state.mn.us/,2022-11-08 00:00:00+00,,"https://ballotpedia.org/Minnesota_Secretary_of_State_election,_2022",f,f
7277,7277,Minnesota State Auditor,MN,STATE,US,1,4 years,https://www.osa.state.mn.us/,2022-11-08 00:00:00+00,,"https://ballotpedia.org/Minnesota_Auditor_election,_2022",f,f
6360,223,Minnesota State Senate,MN,STATE,US,67,4 years,https://www.senate.mn/,2022-11-08 00:00:00+00,,"https://ballotpedia.org/Minnesota_State_Senate_elections,_2022",f,f
6261,238,Missouri House of Representatives,MO,STATE,US,163,2 years,https://www.house.mo.gov/,2022-11-08 00:00:00+00,,"https://ballotpedia.org/Missouri_House_of_Representatives_elections,_2022",f,f
6647,78,Missouri Senate,MO,STATE,US,34,4 years,https://www.senate.mo.gov/,2022-11-08 00:00:00+00,All even numbered districts,,f,f
7945,7259,Missouri State Auditor,MO,STATE,US,1,4 years,https://auditor.mo.gov/,2022-11-08 00:00:00+00,,"https://ballotpedia.org/Missouri_Auditor_election,_2022",f,f
8435,228,Modesto City Council,CA,LOCAL,US,7,4 years,https://www.modestogov.com/659/City-Council,2022-11-08 00:00:00+00,,,f,f
8876,942,Montana House of Representatives,MT,STATE,US,100,2 years,https://leg.mt.gov/legislator-information/,2022-11-08 00:00:00+00,All,,f,f
7908,7559,Montana Public Service Commission,MT,STATE,US,5,4 years,http://psc.mt.gov/,2022-11-08 00:00:00+00,Districts 1 & 5,"https://ballotpedia.org/Montana_Public_Service_Commission_election,_2022",f,f
8407,628,Montana State Senate,MT,STATE,US,50,4 years,https://leg.mt.gov/,2022-11-08 00:00:00+00,Officials elected in 2020 will serve out term in new districts after 2022,,f,f
7027,2879,Montgomery County Council & Executive,MD,LOCAL,US,9,4 years,https://www.montgomerycountymd.gov/council/,2022-11-08 00:00:00+00,All,,f,f
6605,3105,Moreno Valley City Council,CA,LOCAL,US,5,4 years (2 years for mayor),http://www.moreno-valley.ca.us/city_council/index.shtml,2022-11-08 00:00:00+00,"Mayor + districts 1, 3",,f,f
8606,3231,Murrieta City Council,CA,LOCAL,US,5,4 years,https://www.murrietaca.gov/377/City-Council,2022-11-08 00:00:00+00,"Districts 1, 2, and 5",,f,f
7912,7565,Nebraska Auditor of Public Accounts,NE,STATE,US,1,4 years,https://auditors.nebraska.gov/,2022-11-08 00:00:00+00,,"https://ballotpedia.org/Nebraska_Auditor_election,_2022",f,f
6462,697,Nebraska Governor & Lieutenant Governor,NE,STATE,US,1,4 years,http://www.governor.nebraska.gov/,2022-11-08 00:00:00+00,,,f,f
7918,7571,Nebraska Public Service Commission,NE,STATE,US,5,6 years,https://psc.nebraska.gov/,2022-11-08 00:00:00+00,Districts 4 & 5,"https://ballotpedia.org/Nebraska_Public_Service_Commission_election,_2022",f,f
7919,7563,Nebraska Secretary of State,NE,STATE,US,1,4 years,https://sos.nebraska.gov/,2022-11-08 00:00:00+00,,"https://ballotpedia.org/Nebraska_Secretary_of_State_election,_2022",f,f
7564,7564,Nebraska Treasurer,NE,STATE,US,1,4 years,https://treasurer.nebraska.gov/,2022-11-08 00:00:00+00,,"https://ballotpedia.org/Nebraska_Treasurer_election,_2022",f,f
6527,717,Nebraska Unicameral Legislature,NE,STATE,US,49,4 years,https://nebraskalegislature.gov/,2022-11-08 00:00:00+00,"Even numbered seats\n\nRepresentatives from odd numbered districts elected in 2020 will serve 4 year terms, but their valid_to_dates were shortened to 2023-01-04 due to redistricting.",,f,f
7924,7288,Nevada Controller,NV,STATE,US,1,4 years,https://controller.nv.gov/,2022-11-08 00:00:00+00,,"https://ballotpedia.org/Nevada_Controller_election,_2022",f,f
8384,203,Nevada Governor & Lieutenant Governor,NV,STATE,US,1,4 years,https://gov.nv.gov/,2022-11-08 00:00:00+00,,,f,f
7285,7285,Nevada Secretary of State,NV,STATE,US,1,4 years,https://www.nvsos.gov/sos,2022-11-08 00:00:00+00,,"https://ballotpedia.org/Nevada_Secretary_of_State_election,_2022",f,f
6401,681,Nevada State Assembly,NV,STATE,US,42,2 years,https://www.leg.state.nv.us/App/Legislator/A/Assembly/Current,2022-11-08 00:00:00+00,,,f,f
8454,1012,Nevada State Senate,NV,STATE,US,21,4 years,https://www.leg.state.nv.us/Senate/,2022-11-08 00:00:00+00,"Districts 2, 8, 9, 10, 12, 13, 14, 16, 17, 20, 21","https://ballotpedia.org/Nevada_State_Senate_elections,_2020",f,f
7287,7286,Nevada State Treasurer,NV,STATE,US,1,4 years,https://www.nevadatreasurer.gov/,2022-11-08 00:00:00+00,,"https://ballotpedia.org/Nevada_Treasurer_election,_2022",f,f
2683,597,New Hampshire Governor & Lieutenant Governor,NH,STATE,US,1,2 years,http://www.governor.nh.gov/,2022-11-08 00:00:00+00,,,f,f
7019,488,New Hampshire House of Representatives,NH,STATE,US,400,2 years,http://www.gencourt.state.nh.us/house/,2022-11-08 00:00:00+00,,"https://ballotpedia.org/New_Hampshire_House_of_Representatives_elections,_2020",f,f
6104,291,New Hampshire State Senate,NH,STATE,US,24,2 years,http://www.gencourt.state.nh.us/senate/,2022-11-08 00:00:00+00,,,f,f
7575,7575,New Mexico Attorney General,NM,STATE,US,1,4 years,https://www.nmag.gov/,2022-11-08 00:00:00+00,,https://www.sos.state.nm.us/,f,f
7579,7579,New Mexico Auditor,NM,STATE,US,1,4 years,https://www.saonm.org/,2022-11-08 00:00:00+00,,https://www.sos.state.nm.us/,f,f
8373,215,New Mexico Governor & Lieutenant Governor,NM,STATE,US,1,4 years,https://www.governor.state.nm.us/,2022-11-08 00:00:00+00,,http://www.sos.state.nm.us/,f,f
6780,913,New Mexico House of Representatives,NM,STATE,US,70,2 years,https://www.nmlegis.gov/,2022-11-08 00:00:00+00,,,f,f
7961,7585,New Mexico Public Regulation Commission,NM,STATE,US,5,4 years,http://www.nmprc.state.nm.us/,2022-11-08 00:00:00+00,"Districts 2, 4 and 5",https://www.sos.state.nm.us/,f,f
7965,7576,New Mexico Secretary of State,NM,STATE,US,1,4 years,https://www.sos.state.nm.us/,2022-11-08 00:00:00+00,,https://www.sos.state.nm.us/,f,f
7594,7577,New Mexico Treasurer,NM,STATE,US,1,4 years,https://nmsto.gov/,2022-11-08 00:00:00+00,,https://www.sos.state.nm.us/,f,f
8223,7321,New York Comptroller,NY,STATE,US,1,4 years,https://www.ny.gov/agencies/office-state-comptroller,2022-11-08 00:00:00+00,,"https://ballotpedia.org/New_York_Comptroller_election,_2022",f,f
8387,178,New York Governor & Lieutenant Governor,NY,STATE,US,1,4 years,https://www.governor.ny.gov/,2022-11-08 00:00:00+00,,,f,f
8786,158,New York State Assembly,NY,STATE,US,150,2 years,https://nyassembly.gov/mem/,2022-11-08 00:00:00+00,,,f,f
8928,445,New York State Senate,NY,STATE,US,63,2 years,https://www.nysenate.gov/,2022-11-08 00:00:00+00,,"https://ballotpedia.org/New_York_State_Senate_elections,_2020",f,f
8829,3128,Newport News City Council,VA,LOCAL,US,7,4 years,https://www.nnva.gov/465/Elected-Officials,2022-11-08 00:00:00+00,"Mayor, 1B, 2B, 3B",,f,f
6245,735,North Carolina House of Representatives,NC,STATE,US,120,2 years,https://www.ncleg.gov/House,2022-11-08 00:00:00+00,,"https://ballotpedia.org/North_Carolina_State_Senate_elections,_2022",f,f
9016,329,North Carolina Senate,NC,STATE,US,50,2 years,https://www.ncleg.gov/Senate,2022-11-08 00:00:00+00,,"https://ballotpedia.org/North_Carolina_State_Senate_elections,_2022",f,f
6171,70,North Dakota House of Representatives,ND,STATE,US,94,4 years,https://www.legis.nd.gov/,2022-11-08 00:00:00+00,,https://sos.nd.gov/elections,f,f
8364,7353,North Dakota Public Service Commission,ND,STATE,US,3,6 years,https://www.psc.nd.gov/,2022-11-08 00:00:00+00,,"https://ballotpedia.org/North_Dakota_Public_Service_Commission_election,_2022",f,f
8230,7345,North Dakota Secretary of State,ND,STATE,US,1,4 years,https://sos.nd.gov/,2022-11-08 00:00:00+00,,"https://ballotpedia.org/North_Dakota_Secretary_of_State_election,_2022",f,f
8816,458,North Dakota Senate,ND,STATE,US,47,4 years,https://www.legis.nd.gov/,2022-11-08 00:00:00+00,Odd districts.,"https://ballotpedia.org/North_Dakota_State_Senate_elections,_2022",f,f
6600,3098,North Las Vegas City Council,NV,LOCAL,US,5,4 years,http://www.cityofnorthlasvegas.com/departments/mayor_and_council/index.php,2022-11-08 00:00:00+00,Mayor and 2 City Council seats,http://www.cityofnorthlasvegas.com/departments/city_clerk/index.php,f,f
8880,3297,Norwalk City Council,CA,LOCAL,US,5,4 years,https://www.norwalk.org/city-hall/mayor-and-city-council-information-copy,2022-11-08 00:00:00+00,Two at-large seats,,f,f
6312,211,Oakland City Council & Mayor,CA,LOCAL,US,8,4 years,https://www.oaklandca.gov/departments/oakland-city-council,2022-11-08 00:00:00+00,,,f,f
6146,3134,Oceanside City Council,CA,LOCAL,US,5,4 years,https://www.ci.oceanside.ca.us/gov/council/default.asp,2022-11-08 00:00:00+00,,https://www.ci.oceanside.ca.us/gov/clerk/elections/current_elections.asp,f,f
6138,3174,Odessa City Council,TX,LOCAL,US,7,4 years,https://tx-odessa.civicplus.com/670/City-Council,2022-11-08 00:00:00+00,"Districts 3, 4, and 5",,f,f
7999,7358,Ohio Auditor of State,OH,STATE,US,1,4 years,https://ohioauditor.gov/,2022-11-08 00:00:00+00,,"https://ballotpedia.org/Ohio_Auditor_election,_2022",f,f
8374,782,Ohio Governor & Lieutenant Governor,OH,STATE,US,1,4 years,https://governor.ohio.gov/wps/portal/gov/governor/,2022-11-08 00:00:00+00,,,f,f
6223,198,Ohio House of Representatives,OH,STATE,US,99,2 years,https://ohiohouse.gov/,2022-11-08 00:00:00+00,All,,f,f
8005,7356,Ohio Secretary of State,OH,STATE,US,1,4 years,https://www.sos.state.oh.us/,2022-11-08 00:00:00+00,,"https://ballotpedia.org/Ohio_Secretary_of_State_election,_2022",f,f
6652,136,Ohio Senate,OH,STATE,US,33,4 years,https://www.senate.state.oh.us/,2022-11-08 00:00:00+00,,,f,f
8008,7357,Ohio Treasurer,OH,STATE,US,1,4 years,https://www.tos.ohio.gov/,2022-11-08 00:00:00+00,,"https://ballotpedia.org/Ohio_Treasurer_election,_2022",f,f
8268,7372,Oklahoma Commissioner of Insurance,OK,STATE,US,1,4 years,https://www.oid.ok.gov/,2022-11-08 00:00:00+00,,"https://ballotpedia.org/Oklahoma_Insurance_Commissioner_election,_2022",f,f
8271,7375,Oklahoma Commissioner of Labor,OK,STATE,US,1,4 years,https://www.ok.gov/Labor/,2022-11-08 00:00:00+00,,"https://ballotpedia.org/Oklahoma_Labor_Commissioner_election,_2022",f,f
8272,7376,Oklahoma Corporation Commission,OK,STATE,US,3,6 years,https://oklahoma.gov/occ.html,2022-11-08 00:00:00+00,,"https://ballotpedia.org/Oklahoma_Corporation_Commission_election,_2022",f,f
8380,1112,Oklahoma Governor & Lieutenant Governor,OK,STATE,US,1,4 years,https://www.governor.ok.gov/,2022-11-08 00:00:00+00,,,f,f
8416,208,Oklahoma House of Representatives,OK,STATE,US,101,2 years,https://www.okhouse.gov/,2022-11-08 00:00:00+00,,,f,f
6399,1028,Oklahoma Senate,OK,STATE,US,48,4 years,http://www.oksenate.gov/,2022-11-08 00:00:00+00,even numbered seats,"https://ballotpedia.org/Oklahoma_State_Senate_elections,_2022",f,f
8266,7369,Oklahoma State Auditor and Inspector,OK,STATE,US,1,4 years,https://www.sai.ok.gov/,2022-11-08 00:00:00+00,,"https://ballotpedia.org/Oklahoma_Auditor_election,_2022",f,f
8267,7371,Oklahoma Superintendent of Public Instruction,OK,STATE,US,1,4 years,https://sde.ok.gov/superintendent,2022-11-08 00:00:00+00,,"https://ballotpedia.org/Oklahoma_Superintendent_of_Public_Instruction_election,_2022",f,f
8265,7368,Oklahoma Treasurer,OK,STATE,US,1,4 years,https://www.ok.gov/treasurer/,2022-11-08 00:00:00+00,,"https://ballotpedia.org/Oklahoma_Treasurer_election,_2022",f,f
6149,3141,Ontario City Council,CA,LOCAL,US,5,4 years,https://www.ontarioca.gov/public-officials,2022-11-08 00:00:00+00,,,f,f
8527,3248,Orange City Council,CA,LOCAL,US,7,4 years (2 years for mayor),https://www.cityoforange.org/183/City-Council,2022-11-08 00:00:00+00,,https://www.cityoforange.org/163/Elections,f,f
6813,6677,Orange County Board of Supervisors,CA,LOCAL,US,5,4 years,https://board.ocgov.com/,2022-11-08 00:00:00+00,"Districts 2, 4 and 5",https://www.ocvote.com/,f,f
7848,7531,Oregon Commissioner of Labor and Industries,OR,STATE,US,1,4 years,https://www.oregon.gov/boli/Pages/index.aspx,2022-11-08 00:00:00+00,,https://sos.oregon.gov/voting-elections/pages/default.aspx,f,f
4469,724,Oregon Governor & Lieutenant Governor,OR,STATE,US,1,4 years,http://www.oregon.gov/gov/pages/index.aspx,2022-11-08 00:00:00+00,,https://sos.oregon.gov/voting-elections/pages/default.aspx,f,f
6371,309,Oregon House of Representatives,OR,STATE,US,60,2 years,https://www.oregonlegislature.gov/house,2022-11-08 00:00:00+00,,"https://ballotpedia.org/Oregon_House_of_Representatives_elections,_2022",f,f
6285,444,Oregon State Senate,OR,STATE,US,30,4 years,https://www.oregonlegislature.gov/senate,2022-11-08 00:00:00+00,,https://en.wikipedia.org/wiki/2020_United_States_Senate_election_in_Oregon,f,f
6823,519,Oxnard City Council,CA,LOCAL,US,7,4 years,https://www.oxnard.org/city-department/city-council/,2022-11-08 00:00:00+00,,https://www.oxnard.org/city-department/city-clerk/,f,f
6170,3294,Palm Bay City Council,FL,LOCAL,US,5,4 years,https://www.palmbayflorida.org/government/city-departments-f-to-z/legislative/mayor-city-council,2022-11-08 00:00:00+00,,https://www.palmbayflorida.org/government/departments/city-council-city-clerk/city-clerk/elections,f,f
8911,3149,Palmdale City Council,CA,LOCAL,US,5,4 years,https://cityofpalmdale.org/304/City-Council,2022-11-08 00:00:00+00,"Districts 1, 2",,f,f
4623,676,Pennsylvania Governor & Lieutenant Governor,PA,STATE,US,1,4 years,https://www.governor.pa.gov/,2022-11-08 00:00:00+00,Odd-numbered Senators elected in 2020 had their terms limited to 2 years due to redistricting. They will serve out the remainder of their term in new districts.,,f,f
6193,645,Pennsylvania House of Representatives,PA,STATE,US,203,2 years,https://www.house.state.pa.us/,2022-11-08 00:00:00+00,Odd-numbered Senators elected in 2020 had their terms limited to 2 years due to redistricting. They will serve out the remainder of their term in new districts.,,f,f
8411,421,Pennsylvania Senate,PA,STATE,US,50,4 years,https://www.pasen.gov/,2022-11-08 00:00:00+00,Odd-numbered Senators elected in 2020 had their terms limited to 2 years due to redistricting. They will serve out the remainder of their term in new districts.,,f,f
8940,3140,Peoria City Council,AZ,LOCAL,US,7,4 years,https://www.peoriaaz.gov/government/mayor-and-city-council,2022-11-08 00:00:00+00,"4 seats (Acacia, Palo Verde, Pine and Mayor)",,f,f
6914,3271,Pomona City Council,CA,LOCAL,US,7,4 years,https://www.pomonaca.gov/government/mayor-city-council,2022-11-08 00:00:00+00,"Districts 2, 3, 5",,f,f
8678,3295,Pompano Beach City Commission,FL,LOCAL,US,6,2 years for commissioners; 4 years for mayor,https://www.pompanobeachfl.gov/government/commission,2022-11-08 00:00:00+00,Districts 1 through 5,,f,f
6597,3130,Port St. Lucie City Council,FL,LOCAL,US,5,4 years,https://www.cityofpsl.com/government/mayor-city-council,2022-11-08 00:00:00+00,"Districts 1, 3, and 5",,f,f
8403,936,Portland City Council & Mayor,OR,LOCAL,US,4,4 years,https://www.portland.gov/government,2022-11-08 00:00:00+00,Positions 2 & 3,,f,f
8739,2881,Prince Georges County Council & Executive,MD,LOCAL,US,11,4 years,https://pgccouncil.us/27/The-Council,2022-11-08 00:00:00+00,,,f,f
5328,643,Providence City Council,RI,LOCAL,US,15,4 years,https://council.providenceri.gov/councilors/,2022-11-08 00:00:00+00,,,f,f
7626,577,Raleigh City Council,NC,LOCAL,US,8,2 years,https://raleighnc.gov/city-council-office,2022-11-08 00:00:00+00,All seats.,,f,f
5439,5434,Ramsey County Board of Commissioners,MN,LOCAL,US,7,4 years,https://www.ramseycounty.us/your-government/leadership/board-commissioners,2022-11-08 00:00:00+00,all districts up after redistricting,"https://ballotpedia.org/Government_of_Ramsey_County,_Minnesota",f,f
8645,3087,Reno City Council,NV,LOCAL,US,7,4 years,https://www.reno.gov/government/city-council,2022-11-08 00:00:00+00,Even districts and mayor,,f,f
8287,7393,Rhode Island General Treasurer,RI,STATE,US,1,4 years,http://www.treasury.ri.gov/,2022-11-08 00:00:00+00,,"https://ballotpedia.org/Rhode_Island_Treasurer_election,_2022",f,f
6487,451,Rhode Island Governor & Lieutenant Governor,RI,STATE,US,1,4 years,http://www.governor.ri.gov/,2022-11-08 00:00:00+00,,,f,f
8464,840,Rhode Island House of Representatives,RI,STATE,US,75,2 years,https://www.rilegislature.gov/Pages/Default.aspx,2022-11-08 00:00:00+00,,,f,f
8289,7392,Rhode Island Secretary of State,RI,STATE,US,1,4 years,https://www.sos.ri.gov/,2022-11-08 00:00:00+00,,"https://ballotpedia.org/Rhode_Island_Secretary_of_State_election,_2022",f,f
8432,50,Rhode Island Senate,RI,STATE,US,38,2 years,https://www.rilegislature.gov/Pages/Default.aspx,2022-11-08 00:00:00+00,,"https://ballotpedia.org/Rhode_Island_State_Senate_elections,_2022",f,f
8425,3316,Rialto City Council,CA,LOCAL,US,5,4 years,https://ca-rialto.civicplus.com/285/City-Council-Elected-Officials,2022-11-08 00:00:00+00,Two council seats.,http://yourrialto.com/city-hall/departments/city-clerk/elections/,f,f
7024,2886,Richland County Council,SC,LOCAL,US,11,4 years,http://www.richlandonline.com/Government/CountyCouncil.aspx,2022-11-08 00:00:00+00,,http://www.richlandcountysc.gov/Government/County-Council,f,f
6318,3282,Richmond City Council,CA,LOCAL,US,7,4 years,http://www.ci.richmond.ca.us/2013/Government,2022-11-08 00:00:00+00,Mayor and 3 districts,https://www.ci.richmond.ca.us/1349/Elections,f,f
6650,3202,Rochester City Council & Mayor,MN,LOCAL,US,7,4 years,https://www.rochestermn.gov/government/city-council,2022-11-08 00:00:00+00,,https://www.rochestermn.gov/departments/city-clerk/elections,f,f
8555,3144,Salem City Council,OR,LOCAL,US,9,4 years (2 years for mayor),https://www.cityofsalem.net/city-council,2022-11-08 00:00:00+00,Mayor + even districts,,f,f
6188,3150,Salinas City Council,CA,LOCAL,US,7,4 years (2 years for mayor),https://www.cityofsalinas.org/our-government/city-council,2022-11-08 00:00:00+00,"Mayor, 2, 3, 5",,f,f
6249,1033,San Bernardino City Council,CA,LOCAL,US,7,4 years,http://www.ci.san-bernardino.ca.us/cityhall/city_council/default.asp,2022-11-08 00:00:00+00,,http://www.sbcity.org/cityhall/city_clerk/election_information.asp,f,f
6513,87,San Bernardino Mayor,CA,LOCAL,US,1,,http://www.sbcity.org/cityhall/mayor/default.asp,2022-11-08 00:00:00+00,,http://www.sbcity.org/cityhall/city_clerk/election_information.asp,f,f
8431,210,San Diego City Council & Mayor,CA,LOCAL,US,9,4 years,https://www.sandiego.gov/citycouncil/,2022-11-08 00:00:00+00,"Districts 2, 4, 6, 8",,f,f
6812,6670,San Diego County Board of Supervisors,CA,LOCAL,US,5,4 years,https://www.sandiegocounty.gov/content/sdc/general/bos.html,2022-11-08 00:00:00+00,Districts 4 and 5,https://www.sdvote.com/,f,f
8433,937,San Francisco Board of Supervisors & Mayor,CA,LOCAL,US,11,4 years,https://sfbos.org/,2022-11-08 00:00:00+00,"2, 4, 6, 8, 10",,f,f
6821,279,San Jose City Council,CA,LOCAL,US,11,4 years,https://www.sanjoseca.gov/your-government/departments/city-council,2022-11-08 00:00:00+00,"Mayor and districts 1, 3, 5, 7, 9",http://www.sanjoseca.gov/index.aspx?nid=5694,f,f
8523,3315,San Mateo City Council,CA,LOCAL,US,5,4 years,https://www.cityofsanmateo.org/55/City-Council,2022-11-08 00:00:00+00,3 at-large seats,,f,f
6816,6708,San Mateo County Board of Supervisors,CA,LOCAL,US,5,4 years,https://bos.smcgov.org/,2022-11-08 00:00:00+00,Districts 2 and 3. Runoff from the direct primary in June 2022.,https://www.smcacre.org/elections,f,f
8916,573,Santa Ana City Council,CA,LOCAL,US,7,4 years (2 years for mayor),https://www.santa-ana.org/mayor-and-city-council,2022-11-08 00:00:00+00,,,f,f
6109,3235,Santa Clara City Council,CA,LOCAL,US,7,4 years,https://www.santaclaraca.gov/our-city/government/mayor-and-council,2022-11-08 00:00:00+00,"Districts 2, 3, 7",http://santaclaraca.gov/government/santa-clara-votes,f,f
7619,6635,Santa Clara County Board of Supervisors,CA,LOCAL,US,5,4 years,https://www.sccgov.org/sites/scc/gov/Pages/Elected-Officials.aspx,2022-11-08 00:00:00+00,Districts 1 and 4,,f,f
8524,3129,Santa Clarita City Council,CA,LOCAL,US,5,4 years,https://www.santa-clarita.com/city-hall/city-council,2022-11-08 00:00:00+00,,,f,f
6165,3307,Santa Maria City Council,CA,LOCAL,US,5,4 years,https://www.cityofsantamaria.org/city-government/departments/mayor-city-council,2022-11-08 00:00:00+00,,https://www.cityofsantamaria.org/city-government/departments/city-clerk-records/elections,f,f
6091,3138,Santa Rosa City Council,CA,LOCAL,US,7,4 years (2 years for mayor),http://www.srcity.org/1322/City-Council,2022-11-08 00:00:00+00,"Districts 2, 4, 6",,f,f
6833,91,Scottsdale City Council,AZ,LOCAL,US,7,4 years,https://www.scottsdaleaz.gov/council,2022-11-08 00:00:00+00,3 at-large seats,,f,f
7678,7216,Secretary of the Commonwealth for Massachusetts,MA,STATE,US,1,4 years,https://www.sec.state.ma.us/,2022-11-08 00:00:00+00,,"https://ballotpedia.org/Massachusetts_Secretary_of_State_election,_2022",f,f
8579,3116,Shreveport City Council & Mayor,LA,LOCAL,US,7,4 years,https://www.shreveportla.gov/index.aspx?nid=201,2022-11-08 00:00:00+00,All,,f,f
6817,6714,Solano County Board of Supervisors,CA,LOCAL,US,5,4 years,https://www.solanocounty.com/depts/bos/,2022-11-08 00:00:00+00,District 3,https://www.solanocounty.com/depts/rov/,f,f
8034,7409,South Carolina Commissioner of Agriculture,SC,STATE,US,1,4 years,https://agriculture.sc.gov/,2022-11-08 00:00:00+00,,"https://ballotpedia.org/South_Carolina_Agriculture_Commissioner_election,_2022",f,f
8035,7404,South Carolina Comptroller General,SC,STATE,US,1,4 years,https://cg.sc.gov/,2022-11-08 00:00:00+00,,"https://ballotpedia.org/South_Carolina_Comptroller_election,_2022",f,f
4982,901,South Carolina Governor & Lieutenant Governor,SC,STATE,US,1,4 years,https://governor.sc.gov/,2022-11-08 00:00:00+00,,,f,f
6798,468,South Carolina House of Representatives,SC,STATE,US,124,2 years,https://www.scstatehouse.gov/house.php,2022-11-08 00:00:00+00,,"https://ballotpedia.org/South_Carolina_House_of_Representatives_elections,_2022",f,f
8040,7403,South Carolina Secretary of State,SC,STATE,US,1,4 years,https://sos.sc.gov/,2022-11-08 00:00:00+00,,"https://ballotpedia.org/South_Carolina_Secretary_of_State_election,_2022",f,f
8041,7407,South Carolina Superintendent of Education,SC,STATE,US,1,4 years,https://ed.sc.gov/,2022-11-08 00:00:00+00,,"https://ballotpedia.org/South_Carolina_Superintendent_of_Education_election,_2022",f,f
8042,7406,South Carolina Treasurer,SC,STATE,US,1,4 years,https://treasurer.sc.gov/,2022-11-08 00:00:00+00,,"https://ballotpedia.org/South_Carolina_Treasurer_election,_2022",f,f
8382,268,South Dakota Governor & Lieutenant Governor,SD,STATE,US,1,4 years,https://governor.sd.gov/,2022-11-08 00:00:00+00,,,f,f
6381,867,South Dakota House of Representatives,SD,STATE,US,70,2 years,https://sdlegislature.gov/,2022-11-08 00:00:00+00,,"https://ballotpedia.org/South_Dakota_House_of_Representatives_elections,_2022",f,f
8045,7422,South Dakota Public Utilities Commission,SD,STATE,US,3,6 years,https://puc.sd.gov/,2022-11-08 00:00:00+00,,,f,f
8049,7414,South Dakota Secretary of State,SD,STATE,US,1,4 years,https://sdsos.gov/,2022-11-08 00:00:00+00,,"https://ballotpedia.org/South_Dakota_Secretary_of_State_election,_2022",f,f
6807,964,South Dakota State Senate,SD,STATE,US,35,2 years,https://sdlegislature.gov/,2022-11-08 00:00:00+00,All,,f,f
8050,7415,South Dakota Treasurer,SD,STATE,US,1,4 years,https://sdtreasurer.gov/,2022-11-08 00:00:00+00,,"https://ballotpedia.org/South_Dakota_Treasurer_election,_2022",f,f
5952,5787,Sparks City Council & Mayor,NV,LOCAL,US,5,4 years,https://cityofsparks.us/resources/government/mayor-city-council/,2022-11-08 00:00:00+00,,,f,f
6355,2845,St. Charles County Council & Executive,MO,LOCAL,US,7,4 years,http://www.sccmo.org/286/County-Council,2022-11-08 00:00:00+00,,https://www.sccmo.org/410/Election-Authority,f,f
6787,2843,St. Louis County Council & Executive,MO,LOCAL,US,7,4 years,https://stlouiscountymo.gov/,2022-11-08 00:00:00+00,"District 1, 3, 5, 7",,f,f
8672,271,Sunnyvale City Council,CA,LOCAL,US,7,4 years,https://sunnyvale.ca.gov/government/council/default.htm,2022-11-08 00:00:00+00,"Districts 1, 3, 5",https://sunnyvale.ca.gov/government/elections.htm,f,f
9018,2866,Tallahassee City Commission,FL,LOCAL,US,5,4 years,https://talgov.com/cityleadership/CityLeadership.aspx,2022-11-08 00:00:00+00,Mayor,,f,f
6148,3205,Temecula City Council,CA,LOCAL,US,5,4 years,https://temeculaca.gov/173/City-Council,2022-11-08 00:00:00+00,Odd districts,,f,f
6480,344,Tennessee Governor & Lieutenant Governor,TN,STATE,US,1,4 years,http://www.tn.gov/governor/,2022-11-08 00:00:00+00,,,f,f
8488,673,Tennessee House of Representatives,TN,STATE,US,99,2 years,https://www.capitol.tn.gov/house/,2022-11-08 00:00:00+00,,,f,f
6765,103,Tennessee State Senate,TN,STATE,US,33,4 years,https://www.capitol.tn.gov/senate/,2022-11-08 00:00:00+00,Odd districts,,f,f
8062,7443,Texas Commissioner of Agriculture,TX,STATE,US,1,4 years,https://www.texasagriculture.gov/,2022-11-08 00:00:00+00,,"https://ballotpedia.org/Texas_Agriculture_Commissioner_election,_2022",f,f
8065,7439,Texas Comptroller of Public Accounts,TX,STATE,US,1,4 years,https://comptroller.texas.gov/,2022-11-08 00:00:00+00,,"https://ballotpedia.org/Texas_Comptroller_election,_2022",f,f
6460,234,Texas Governor & Lieutenant Governor,TX,STATE,US,1,4 years,http://www.governor.state.tx.us/,2022-11-08 00:00:00+00,,,f,f
6217,233,Texas House of Representatives,TX,STATE,US,150,2 years,https://house.texas.gov/,2022-11-08 00:00:00+00,,"https://ballotpedia.org/Texas_House_of_Representatives_elections,_2022",f,f
8066,7444,Texas Land Commissioner,TX,STATE,US,1,4 years,https://www.glo.texas.gov/,2022-11-08 00:00:00+00,,"https://ballotpedia.org/Texas_Public_Lands_Commissioner_election,_2022",f,f
6222,406,The Senate of Texas,TX,STATE,US,31,4 years,https://senate.texas.gov/,2022-11-08 00:00:00+00,"All seats are up for election (see: Redistricting, 2-4-4 State, notes below)",,f,f
8397,3243,Thousand Oaks City Council,CA,LOCAL,US,5,4 years,https://www.toaks.org/departments/city-council,2022-11-08 00:00:00+00,3 seats.,https://www.toaks.org/departments/city-clerk/elections,f,f
6951,6942,Treasurer of the State of Alabama,AL,STATE,US,1,4 years,https://treasury.alabama.gov/about-john-mcmillan/,2022-11-08 00:00:00+00,,"https://ballotpedia.org/Alabama_Treasurer_election,_2022",f,f
7002,6999,Treasurer of the State of Connecticut,CT,STATE,US,1,4 years,https://portal.ct.gov/OTT,2022-11-08 00:00:00+00,,"https://ballotpedia.org/Connecticut_Treasurer_election,_2022",f,f
6183,700,United States House of Representatives,,NATIONAL,US,441,2 years,https://www.house.gov/,2022-11-08 00:00:00+00,,,f,f
2675,398,United States Senate,,NATIONAL,US,100,6 years,http://www.senate.gov/,2022-11-08 00:00:00+00,,,f,f
6235,952,Utah House of Representatives,UT,STATE,US,75,2 years,https://house.utah.gov/,2022-11-08 00:00:00+00,,,f,f
6781,225,Utah State Senate,UT,STATE,US,29,4 years,https://senate.utah.gov/,2022-11-08 00:00:00+00,"Districts 2, 3, 4, 5, 9, 11, 12, 15, 17, 18, 21, 22, 26, 28\n",,f,f
8308,5763,Vacaville City Council,CA,LOCAL,US,7,4 years,https://www.ci.vacaville.ca.us/government/city-council,2022-11-08 00:00:00+00,"Districts 2, 4, 6",https://www.ci.vacaville.ca.us/government/city-clerk,f,f
8458,3171,Vallejo City Council,CA,LOCAL,US,7,4 years,https://www.ci.vallejo.ca.us/city_hall/city_government/mayor___city_council,2022-11-08 00:00:00+00,"District 2, 4, 5",,f,f
6587,3283,Ventura City Council,CA,LOCAL,US,7,4 years,https://www.cityofventura.ca.gov/712/City-Council,2022-11-08 00:00:00+00,"1, 4, 5, 6",,f,f
4429,9,Vermont Governor & Lieutenant Governor,VT,STATE,US,1,2 years,http://governor.vermont.gov/,2022-11-08 00:00:00+00,,,f,f
6299,39,Vermont House of Representatives,VT,STATE,US,150,2 years,https://legislature.vermont.gov/,2022-11-08 00:00:00+00,,,f,f
8078,7450,Vermont Secretary of State,VT,STATE,US,1,2 years,https://sos.vermont.gov/,2022-11-08 00:00:00+00,,"https://ballotpedia.org/Vermont_Secretary_of_State_election,_2022",f,f
6393,926,Vermont Senate,VT,STATE,US,30,2 years,https://legislature.vermont.gov/,2022-11-08 00:00:00+00,,"https://ballotpedia.org/Vermont_State_Senate_elections,_2022",f,f
8079,7452,Vermont State Auditor,VT,STATE,US,1,2 years,https://auditor.vermont.gov/,2022-11-08 00:00:00+00,,"https://ballotpedia.org/Vermont_Auditor_election,_2022",f,f
8080,7451,Vermont Treasurer,VT,STATE,US,1,2 years,https://www.vermonttreasurer.gov/,2022-11-08 00:00:00+00,,"https://ballotpedia.org/Vermont_Treasurer_election,_2022",f,f
6179,3170,Victorville City Council,CA,LOCAL,US,5,4 years,https://www.victorvilleca.gov/government/city-departments/city-clerk/city-council,2022-11-08 00:00:00+00,,,f,f
8903,887,Virginia Beach City Council,VA,LOCAL,US,11,4 years,http://www.vbgov.com/government/departments/city-clerk/city-council/Pages/default.aspx,2022-11-08 00:00:00+00,A federal court declared Virginia Beach's previous system of 7 geographic districts and 3 at-large districts to be unconstitutional and in violation of the 1965 Civil Rights Act. Under the new system there will be 10 geographic based districts.,,f,f
6391,3241,Visalia City Council,CA,LOCAL,US,5,4 years,https://www.visalia.city/government/city_council/default.asp,2022-11-08 00:00:00+00,"Districts 3,4,5",,f,f
5524,3201,Vista City Council,CA,LOCAL,US,5,4 years,https://www.cityofvista.com/city-hall/city-council,2022-11-08 00:00:00+00,"Mayor, District 1 & 4",,f,f
8535,2883,Wake County Board of Commissioners,NC,LOCAL,US,7,2 years,https://www.wakegov.com/departments-government/board-commissioners,2022-11-08 00:00:00+00,All seats,,f,f
9017,364,Washington DC City Council,DC,LOCAL,US,13,4 years,https://dccouncil.gov/councilmembers/,2022-11-08 00:00:00+00,"Mayor, At Large, and districts 1, 3, 5, and 6",,f,f
6272,62,Washington House,WA,STATE,US,98,2 years,https://leg.wa.gov/House/Pages/default.aspx,2022-11-08 00:00:00+00,,"https://ballotpedia.org/Washington_House_of_Representatives_elections,_2020",f,f
5331,747,Washington Mayor,DC,LOCAL,US,1,4 years,https://mayor.dc.gov/,2022-11-08 00:00:00+00,"Mayor, At Large, and districts 1, 3, 5, and 6",,f,f
8610,762,Washington State Senate,WA,STATE,US,49,4 years,https://leg.wa.gov/Senate/Pages/default.aspx,2022-11-08 00:00:00+00,"Districts: 6, 7, 8, 13, 15, 21, 26, 29, 30, 31, 32, 33, 34, 35, 36, 37, 38, 42, 43, 44, 45, 46, 47, 48",,f,f
6751,3288,West Covina City Council,CA,LOCAL,US,5,4 years,https://www.westcovina.org/departments/mayor-city-council,2022-11-08 00:00:00+00,3 seats,,f,f
6786,289,West Virginia House of Delegates,WV,STATE,US,100,2 years,https://www.wvlegislature.gov/index.cfm,2022-11-08 00:00:00+00,,,f,f
6265,391,West Virginia State Senate,WV,STATE,US,34,4 years,https://www.wvlegislature.gov/,2022-11-08 00:00:00+00,,,f,f
5916,3308,Wichita Falls City Council,TX,LOCAL,US,7,2 years,https://www.wichitafallstx.gov/29/Mayor-and-City-Council,2022-11-08 00:00:00+00,"At-Large, 1, 2",,f,f
6216,115,Wisconsin Assembly,WI,STATE,US,99,2 years,https://legis.wisconsin.gov/assembly/,2022-11-08 00:00:00+00,,"https://ballotpedia.org/Wisconsin_State_Assembly_elections,_2022",f,f
8383,382,Wisconsin Governor & Lieutenant Governor,WI,STATE,US,1,4 years,https://evers.wi.gov/Pages/Home.aspx,2022-11-08 00:00:00+00,,,f,f
8116,7497,Wisconsin Secretary of State,WI,STATE,US,1,4 years,https://sos.wi.gov/,2022-11-08 00:00:00+00,,"https://ballotpedia.org/Wisconsin_Secretary_of_State_election,_2022",f,f
6232,487,Wisconsin State Senate,WI,STATE,US,33,4 years,https://legis.wisconsin.gov/senate/,2022-11-08 00:00:00+00,Even numbered district officials will serve out the rest of their term in new districts in 2022.,,f,f
8119,7499,Wisconsin Treasurer,WI,STATE,US,1,4 years,https://statetreasurer.wi.gov/Pages/Home.aspx,2022-11-08 00:00:00+00,,"https://ballotpedia.org/Wisconsin_Treasurer_election,_2022",f,f
6475,131,Wyoming Governor & Lieutenant Governor,WY,STATE,US,1,4 years,http://governor.wy.gov/Pages/default.aspx,2022-11-08 00:00:00+00,,https://soswy.state.wy.us/elections/,f,f
6314,784,Wyoming House of Representatives,WY,STATE,US,60,2 years,https://www.wyoleg.gov/,2022-11-08 00:00:00+00,,,f,f
8125,7510,Wyoming Secretary of State,WY,STATE,US,1,4 years,https://sos.wyo.gov/,2022-11-08 00:00:00+00,,"https://ballotpedia.org/Wyoming_Secretary_of_State_election,_2022",f,f
8126,7512,Wyoming State Auditor,WY,STATE,US,1,4 years,https://sao.wyo.gov/,2022-11-08 00:00:00+00,,"https://ballotpedia.org/Wyoming_Auditor_election,_2022",f,f
6789,80,Wyoming State Senate,WY,STATE,US,30,4 years,https://wyoleg.gov/,2022-11-08 00:00:00+00,Odd seats,,f,f
8127,7513,Wyoming Superintendent of Public Instruction,WY,STATE,US,1,4 years,https://edu.wyoming.gov/,2022-11-08 00:00:00+00,,"https://ballotpedia.org/Wyoming_Superintendent_of_Public_Instruction_election,_2022",f,f
8128,7511,Wyoming Treasurer,WY,STATE,US,1,4 years,https://statetreasurer.wyo.gov/,2022-11-08 00:00:00+00,,"https://ballotpedia.org/Wyoming_Treasurer_election,_2022",f,f
8252,1447,Governor of Guam & Lieutenant Governor of Guam,GU,STATE,US,1,4 years,http://governor.guam.gov/,2022-11-08 00:00:00+00,,,,
8481,315,Ottawa City Council & Mayor,ON,LOCAL,CA,23,4 years,https://ottawa.ca/en/city-hall/mayor-and-city-councillors,2022-11-14 00:00:00+00,All,,f,f
8847,822,Victorian Legislative Assembly,VIC,STATE,AS,88,4 years,https://www.parliament.vic.gov.au/,2022-11-26 00:00:00+00,All,,f,f
8846,527,Victorian Legislative Council,VIC,STATE,AS,40,4 years,https://www.parliament.vic.gov.au/,2022-11-26 00:00:00+00,All,,f,f
