id,name_formal,state,gov_type,country_code,official_count,term_length,url,upcoming_election,ue_remarks,ue_url_1,special,runoff,lat,lon,next_election_display
5221,Ajax Town Council & Mayor,ON,LOCAL,CA,6,4 years,https://www.ajax.ca/en/inside-townhall/council-members.aspx,2022-10-31 05:00:00+00:00,,https://election.ajax.ca/,f,f,43.86636246730943,-79.03017505878515,"Oct 31, 2022"
5231,Richmond Hill Town Council & Mayor,ON,LOCAL,CA,8,4 years,https://www.richmondhill.ca/en/our-services/Mayor-and-Council.aspx,2022-10-31 05:00:00+00:00,,,f,f,43.892924481307055,-79.42916266623244,"Oct 31, 2022"
4431,Alabama Governor & Lieutenant Governor,AL,STATE,US,1,4 years,http://www.governor.alabama.gov/,2022-11-08 05:00:00+00:00,,,f,f,33.00715586487894,-86.77701645200166,"Nov 08, 2022"
8773,Alabama House of Representatives,AL,STATE,US,105,4 years,https://www.legislature.state.al.us/aliswww/ISD/Splash_House.aspx,2022-11-08 05:00:00+00:00,,,f,f,33.00715586487894,-86.77701645200166,"Nov 08, 2022"
7742,Alabama Public Service Commission,AL,STATE,US,3,4 years,http://psc.alabama.gov/,2022-11-08 05:00:00+00:00,2 seats (associates only),"https://ballotpedia.org/Alabama_Public_Service_Commission_election,_2022",f,f,33.00715586487894,-86.77701645200166,"Nov 08, 2022"
8256,Alabama Secretary of State,AL,STATE,US,1,4 years,https://www.sos.alabama.gov/,2022-11-08 05:00:00+00:00,,"https://ballotpedia.org/Alabama_Secretary_of_State_election,_2022",f,f,33.00715586487894,-86.77701645200166,"Nov 08, 2022"
6955,Alabama State Auditor,AL,STATE,US,1,4 years,https://auditor.alabama.gov/,2022-11-08 05:00:00+00:00,,"https://ballotpedia.org/Alabama_Auditor_election,_2022",f,f,33.00715586487894,-86.77701645200166,"Nov 08, 2022"
5355,Alabama State Senate,AL,STATE,US,35,4 years,http://www.legislature.state.al.us/aliswww/ISD/Splash_Senate.aspx,2022-11-08 05:00:00+00:00,,,f,f,33.00715586487894,-86.77701645200166,"Nov 08, 2022"
8377,Alaska Governor & Lieutenant Governor,AK,STATE,US,1,4 years,https://gov.alaska.gov/,2022-11-08 05:00:00+00:00,,,f,f,61.5951363218152,-148.52788278494452,"Nov 08, 2022"
4812,Alaska House of Representatives,AK,STATE,US,40,2 years,http://akleg.gov/house.php,2022-11-08 05:00:00+00:00,,,f,f,61.5951363218152,-148.52788278494452,"Nov 08, 2022"
4814,Alaska State Senate,AK,STATE,US,20,4 years,http://akleg.gov/senate.php,2022-11-08 05:00:00+00:00,"Districts A, C, E, G, I, K, M, O, Q, S",,f,f,61.5951363218152,-148.52788278494452,"Nov 08, 2022"
6573,Anaheim City Council,CA,LOCAL,US,7,4 years,http://www.anaheim.net/173/City-Council,2022-11-08 05:00:00+00:00,"Mayor and district 2,3, and 6",,f,f,33.83372776484997,-117.89754177859508,"Nov 08, 2022"
5960,Ann Arbor City Council,MI,LOCAL,US,11,4 years,https://www.a2gov.org/departments/city-council/Pages/Home.aspx,2022-11-08 05:00:00+00:00,Half,,f,f,42.274699410497554,-83.73323804661669,"Nov 08, 2022"
8518,Antioch City Council,CA,LOCAL,US,5,4 years,https://www.antiochca.gov/government/city-council/,2022-11-08 05:00:00+00:00,District 1 and 4,https://www.antiochca.gov/district-elections/,f,f,37.98292289198709,-121.79640175212376,"Nov 08, 2022"
7754,Arizona Corporation Commission,AZ,STATE,US,5,4 years,https://www.azcc.gov/,2022-11-08 05:00:00+00:00,Two of five seats,"https://ballotpedia.org/Arizona_Corporation_Commission_election,_2022",f,f,33.4112077966155,-111.81798939248934,"Nov 08, 2022"
8378,Arizona Governor,AZ,STATE,US,1,4 years,https://azgovernor.gov/,2022-11-08 05:00:00+00:00,,,f,f,33.4112077966155,-111.81798939248934,"Nov 08, 2022"
6258,Arizona House of Representatives,AZ,STATE,US,60,2 years,https://www.azhouse.gov/,2022-11-08 05:00:00+00:00,,"https://ballotpedia.org/Arizona_House_of_Representatives_elections,_2020",f,f,33.4112077966155,-111.81798939248934,"Nov 08, 2022"
7758,Arizona Secretary of State,AZ,STATE,US,1,4 years,https://azsos.gov/,2022-11-08 05:00:00+00:00,,"https://ballotpedia.org/Arizona_Secretary_of_State_election,_2022",f,f,33.4112077966155,-111.81798939248934,"Nov 08, 2022"
6273,Arizona Senate,AZ,STATE,US,30,2 years,https://www.azsenate.gov/,2022-11-08 05:00:00+00:00,,,f,f,33.4112077966155,-111.81798939248934,"Nov 08, 2022"
7106,Arizona State Treasurer,AZ,STATE,US,,4 years,https://www.aztreasury.gov/,2022-11-08 05:00:00+00:00,,"https://ballotpedia.org/Arizona_Treasurer_election,_2022",f,f,33.4112077966155,-111.81798939248934,"Nov 08, 2022"
7759,Arizona Superintendent of Public Instruction,AZ,STATE,US,,4 years,https://www.azed.gov/adeinfo/about-state-superintendent,2022-11-08 05:00:00+00:00,,"https://ballotpedia.org/Arizona_Superintendent_of_Public_Instruction_election,_2022",f,f,33.4112077966155,-111.81798939248934,"Nov 08, 2022"
6929,Arkansas Attorney General,AR,STATE,US,1,4 years,https://arkansasag.gov/,2022-11-08 05:00:00+00:00,,https://www.sos.arkansas.gov/elections,f,f,35.133034840004626,-92.65314849918356,"Nov 08, 2022"
8385,Arkansas Governor & Lieutenant Governor,AR,STATE,US,1,4 years,https://governor.arkansas.gov/,2022-11-08 05:00:00+00:00,,,f,f,35.133034840004626,-92.65314849918356,"Nov 08, 2022"
6394,Arkansas House of Representatives,AR,STATE,US,100,2 years,https://www.arkansashouse.org/,2022-11-08 05:00:00+00:00,,"https://ballotpedia.org/Arkansas_House_of_Representatives_elections,_2022",f,f,35.133034840004626,-92.65314849918356,"Nov 08, 2022"
7766,Arkansas Secretary of State,AR,STATE,US,1,4 years,https://www.sos.arkansas.gov/,2022-11-08 05:00:00+00:00,,https://www.sos.arkansas.gov/elections,f,f,35.133034840004626,-92.65314849918356,"Nov 08, 2022"
6390,Arkansas Senate,AR,STATE,US,35,4 years,https://senate.arkansas.gov/,2022-11-08 05:00:00+00:00,,"https://ballotpedia.org/Arkansas_State_Senate_elections,_2022",f,f,35.133034840004626,-92.65314849918356,"Nov 08, 2022"
7107,Arkansas State Auditor,AR,STATE,US,1,4 years,https://auditor.ar.gov/,2022-11-08 05:00:00+00:00,,https://www.sos.arkansas.gov/elections,f,f,35.133034840004626,-92.65314849918356,"Nov 08, 2022"
6930,Arkansas Treasurer,AR,STATE,US,1,4 years,https://www.artreasury.gov/,2022-11-08 05:00:00+00:00,,https://www.sos.arkansas.gov/elections,f,f,35.133034840004626,-92.65314849918356,"Nov 08, 2022"
6405,Arlington County Board,VA,LOCAL,US,5,4 years,https://countyboard.arlingtonva.us/,2022-11-08 05:00:00+00:00,,,f,f,38.878585111108386,-77.10101749332398,"Nov 08, 2022"
7734,Attorney General of Alabama,AL,STATE,US,1,4 years,https://www.alabamaag.gov/,2022-11-08 05:00:00+00:00,,"https://ballotpedia.org/Alabama_Attorney_General_election,_2022",f,f,33.00715586487894,-86.77701645200166,"Nov 08, 2022"
6894,Attorney General of Arizona,AZ,STATE,US,1,4 years,https://www.azag.gov/,2022-11-08 05:00:00+00:00,,"https://ballotpedia.org/Arizona_Attorney_General_election,_2022",f,f,33.4112077966155,-111.81798939248934,"Nov 08, 2022"
6995,Attorney General of Connecticut,CT,STATE,US,1,4 years,https://portal.ct.gov/AG,2022-11-08 05:00:00+00:00,,"https://ballotpedia.org/Connecticut_Attorney_General_election,_2022",f,f,41.502355107116,-72.87082092850571,"Nov 08, 2022"
6988,Attorney General of Delaware,DE,STATE,US,1,4,https://attorneygeneral.delaware.gov/,2022-11-08 05:00:00+00:00,,"https://ballotpedia.org/Delaware_Attorney_General_election,_2022",f,f,39.35061675253574,-75.53861813862346,"Nov 08, 2022"
7040,Attorney General of Florida,FL,STATE,US,1,4,http://www.myfloridalegal.com/,2022-11-08 05:00:00+00:00,,"https://ballotpedia.org/Florida_Attorney_General_election,_2022",f,f,27.822319567897868,-81.6626342845549,"Nov 08, 2022"
7518,Attorney General of Georgia,GA,STATE,US,1,4 years,https://law.georgia.gov/,2022-11-08 05:00:00+00:00,,"https://ballotpedia.org/Georgia_Attorney_General_election,_2022",f,f,33.3680016714074,-83.88313260375072,"Nov 08, 2022"
8210,Attorney General of Guam,GU,STATE,US,1,4 years,http://oagguam.org/,2022-11-08 05:00:00+00:00,,,f,f,13.44275954785126,144.76945169733125,"Nov 08, 2022"
7829,Attorney General of Idaho,ID,STATE,US,1,4,https://www.ag.idaho.gov/,2022-11-08 05:00:00+00:00,,"https://ballotpedia.org/Idaho_Attorney_General_election,_2022",f,f,44.1917575944523,-115.13810494564291,"Nov 08, 2022"
7838,Attorney General of Illinois,IL,STATE,US,1,4,https://www.illinoisattorneygeneral.gov/,2022-11-08 05:00:00+00:00,,"https://ballotpedia.org/Illinois_Attorney_General_election,_2022",f,f,41.27231761699882,-88.39564523221125,"Nov 08, 2022"
7869,Attorney General of Iowa,IA,STATE,US,1,4,https://www.iowaattorneygeneral.gov/,2022-11-08 05:00:00+00:00,,"https://ballotpedia.org/Iowa_Attorney_General_election,_2022",f,f,41.94290261136004,-93.0442766513519,"Nov 08, 2022"
7878,Attorney General of Kansas,KS,STATE,US,1,4 years,https://ag.ks.gov/,2022-11-08 05:00:00+00:00,,"https://ballotpedia.org/Kansas_Attorney_General_election,_2022",f,f,38.462060403763836,-96.5047070901783,"Nov 08, 2022"
7188,Attorney General of Maryland,MD,STATE,US,1,4,https://www.marylandattorneygeneral.gov/,2022-11-08 05:00:00+00:00,,"https://ballotpedia.org/Maryland_Attorney_General_election,_2022",f,f,39.098545466444556,-76.7919318826322,"Nov 08, 2022"
7208,Attorney General of Massachusetts,MA,STATE,US,1,4 years,https://www.mass.gov/orgs/office-of-attorney-general-maura-healey,2022-11-08 05:00:00+00:00,,"https://ballotpedia.org/Massachusetts_Attorney_General_election,_2022",f,f,42.2707016687183,-71.36659953132225,"Nov 08, 2022"
7235,Attorney General of Michigan,MI,STATE,US,1,4 years,https://www.michigan.gov/ag/,2022-11-08 05:00:00+00:00,,"https://ballotpedia.org/Michigan_Attorney_General_election,_2022",f,f,42.90919135765188,-84.21488179745796,"Nov 08, 2022"
7911,Attorney General of Nebraska,NE,STATE,US,1,4 years,https://ago.nebraska.gov/,2022-11-08 05:00:00+00:00,,"https://ballotpedia.org/Nebraska_state_executive_official_elections,_2022",f,f,41.2004834022387,-97.39611176996608,"Nov 08, 2022"
7920,Attorney General of Nevada,NV,STATE,US,1,4 years,https://ag.nv.gov/,2022-11-08 05:00:00+00:00,,"https://ballotpedia.org/Nevada_Attorney_General_election,_2022",f,f,37.07203205998718,-116.12462648368005,"Nov 08, 2022"
7981,Attorney General of New York,NY,STATE,US,1,4 years,https://ag.ny.gov/,2022-11-08 05:00:00+00:00,,"https://ballotpedia.org/New_York_Attorney_General_election,_2022",f,f,41.520071813582426,-74.6428268768959,"Nov 08, 2022"
7990,Attorney General of North Dakota,ND,STATE,US,1,4 years,https://attorneygeneral.nd.gov/,2022-11-08 05:00:00+00:00,,"https://ballotpedia.org/North_Dakota_Attorney_General_election,_2022",f,f,47.352685685594544,-99.36022661804799,"Nov 08, 2022"
8000,Attorney General of Ohio,OH,STATE,US,1,4 years,https://www.ohioattorneygeneral.gov/,2022-11-08 05:00:00+00:00,,"https://ballotpedia.org/Ohio_Attorney_General_election,_2022",f,f,40.45000799139277,-82.77031481149976,"Nov 08, 2022"
8260,Attorney General of Oklahoma,OK,STATE,US,1,4 years,https://www.oag.ok.gov/,2022-11-08 05:00:00+00:00,,"https://ballotpedia.org/Oklahoma_Attorney_General_election,_2022",f,f,35.59897522795839,-96.84438707180561,"Nov 08, 2022"
8286,Attorney General of Rhode Island,RI,STATE,US,1,4 years,http://www.riag.ri.gov/,2022-11-08 05:00:00+00:00,,"https://ballotpedia.org/Rhode_Island_Attorney_General_election,_2022",f,f,41.7443210033136,-71.45435357669912,"Nov 08, 2022"
8033,Attorney General of South Carolina,SC,STATE,US,1,4 years,http://www.scag.gov/,2022-11-08 05:00:00+00:00,,"https://ballotpedia.org/South_Carolina_Attorney_General_election,_2022",f,f,34.01259413117254,-81.01979718612975,"Nov 08, 2022"
8043,Attorney General of South Dakota,SD,STATE,US,1,4 years,https://atg.sd.gov/,2022-11-08 05:00:00+00:00,,"https://ballotpedia.org/South_Dakota_Attorney_General_election,_2022",f,f,44.07524305103285,-99.13886134486252,"Nov 08, 2022"
8061,Attorney General of Texas,TX,STATE,US,1,4 years,https://www.texasattorneygeneral.gov/,2022-11-08 05:00:00+00:00,,"https://ballotpedia.org/Texas_Attorney_General_election,_2022",f,f,30.93887363731132,-97.42716050426753,"Nov 08, 2022"
6973,Attorney General of the State of California,CA,STATE,US,1,4 years,https://oag.ca.gov/home,2022-11-08 05:00:00+00:00,,,f,f,35.50737287374408,-119.30043098845317,"Nov 08, 2022"
8071,Attorney General of Vermont,VT,STATE,US,1,2 years,https://ago.vermont.gov/,2022-11-08 05:00:00+00:00,,"https://ballotpedia.org/Vermont_Attorney_General_election,_2022",f,f,44.048746227280354,-72.80961917426774,"Nov 08, 2022"
8111,Attorney General of Wisconsin,WI,STATE,US,1,4 years,https://www.doj.state.wi.us/,2022-11-08 05:00:00+00:00,,"https://ballotpedia.org/Wisconsin_Attorney_General_election,_2022",f,f,43.737902603063965,-89.0538189103974,"Nov 08, 2022"
8402,Augusta Commission & Mayor,GA,LOCAL,US,10,4 years,https://www.augustaga.gov/652/Augusta-Commission,2022-11-08 05:00:00+00:00,"Mayor and districts 2, 4, 6, 8, and 10",,f,f,33.40589466064677,-82.05546598991702,"Nov 08, 2022"
5348,Augusta Mayor,GA,LOCAL,US,1,4 years,https://www.augustaga.gov/,2022-11-08 05:00:00+00:00,"Mayor and districts 2, 4, 6, 8, and 10",,f,f,33.40589466064677,-82.05546598991702,"Nov 08, 2022"
8756,Austin City Council,TX,LOCAL,US,11,4 years,https://www.austintexas.gov/government,2022-11-08 05:00:00+00:00,"Mayor and districts 1, 3, 5, 8, 9",,f,f,30.296500374735896,-97.7471465117689,"Nov 08, 2022"
8442,Bakersfield City Council & Mayor,CA,LOCAL,US,7,4 years,https://www.bakersfieldcity.us/gov/elected_officials/city_council.htm,2022-11-08 05:00:00+00:00,"Districts 1, 3, 4",,f,f,35.34229184579696,-119.04479363212687,"Nov 08, 2022"
5908,Bend City Council,OR,LOCAL,US,7,4 years,https://www.bendoregon.gov/government/city-council,2022-11-08 05:00:00+00:00,"Mayor, positions 5-6",,f,f,44.0562205741533,-121.30871846581343,"Nov 08, 2022"
8528,Berkeley City Council & Mayor,CA,LOCAL,US,8,4 years,https://www.cityofberkeley.info/ContentDisplay.aspx?id=9818,2022-11-08 05:00:00+00:00,"Districts 1, 4, 7, 8",,f,f,37.8706502911583,-122.27230884552117,"Nov 08, 2022"
8372,Burbank City Council,CA,LOCAL,US,5,4 years,https://www.burbankca.gov/elected-officials,2022-11-08 05:00:00+00:00,,,f,f,34.18796535880142,-118.32341480691709,"Nov 08, 2022"
7769,California Commissioner of Insurance,CA,STATE,US,1,4 years,http://www.insurance.ca.gov/,2022-11-08 05:00:00+00:00,,,f,f,35.50737287374408,-119.30043098845317,"Nov 08, 2022"
5594,California Governor & Lieutenant Governor,CA,STATE,US,1,4 years,https://www.gov.ca.gov/,2022-11-08 05:00:00+00:00,,,f,f,35.50737287374408,-119.30043098845317,"Nov 08, 2022"
7768,California Secretary of State,CA,STATE,US,1,4 years,https://www.sos.ca.gov/,2022-11-08 05:00:00+00:00,,,f,f,35.50737287374408,-119.30043098845317,"Nov 08, 2022"
6166,California Senate,CA,STATE,US,40,4 years,https://www.senate.ca.gov/,2022-11-08 05:00:00+00:00,Even numbered seats,"https://ballotpedia.org/California_State_Senate_elections,_2022",f,f,35.50737287374408,-119.30043098845317,"Nov 08, 2022"
8390,California State Assembly,CA,STATE,US,80,2 years,https://www.assembly.ca.gov/assemblymembers,2022-11-08 05:00:00+00:00,All,,f,f,35.50737287374408,-119.30043098845317,"Nov 08, 2022"
6978,California State Controller,CA,STATE,US,1,4 years,http://www.sco.ca.gov/,2022-11-08 05:00:00+00:00,,,f,f,35.50737287374408,-119.30043098845317,"Nov 08, 2022"
7256,California State Treasurer,CA,STATE,US,1,4 years,http://www.treasurer.ca.gov/,2022-11-08 05:00:00+00:00,,,f,f,35.50737287374408,-119.30043098845317,"Nov 08, 2022"
7044,California Superintendent of Public Instruction,CA,STATE,US,1,4 years,https://www.cde.ca.gov/eo/,2022-11-08 05:00:00+00:00,,,f,f,35.50737287374408,-119.30043098845317,"Nov 08, 2022"
8565,Cape Coral City Council,FL,LOCAL,US,8,4 years,https://www.capecoral.gov/government/city_government/city_council/index.php#.WULh1Te1tpi,2022-11-08 05:00:00+00:00,,,f,f,26.64441726162717,-81.99571783347689,"Nov 08, 2022"
8452,Carlsbad City Council,CA,LOCAL,US,5,4 years,https://www.carlsbadca.gov/city-hall/city-council,2022-11-08 05:00:00+00:00,,http://www.carlsbadca.gov/cityhall/clerk/voter.asp,f,f,33.12431704783885,-117.28717647250076,"Nov 08, 2022"
6732,Chandler City Council,AZ,LOCAL,US,7,4 years,https://www.chandleraz.gov/government/mayor-and-council?pageid=245,2022-11-08 05:00:00+00:00,4 council seats (includes mayoral seat),https://recorder.maricopa.gov/electionresults/citiestowns.aspx,f,f,33.28267519144484,-111.8516918483827,"Nov 08, 2022"
8613,Chesapeake City Council,VA,LOCAL,US,9,4 years,https://www.cityofchesapeake.net/government/council.htm,2022-11-08 05:00:00+00:00,5 seats,,f,f,36.677744495708,-76.3024182871377,"Nov 08, 2022"
8424,Chula Vista City Council,CA,LOCAL,US,5,4 years,https://www.chulavistaca.gov/departments/mayor-council,2022-11-08 05:00:00+00:00,"Mayor, districts 1 and 2",https://www.chulavistaca.gov/departments/city-clerk/elections,f,f,32.626633735837274,-117.02530545082641,"Nov 08, 2022"
8434,City of Coral Springs Commission,FL,LOCAL,US,5,"Mayor: 2 years,  Commissioners: 4 years",https://www.coralsprings.org/Government/City-Commission,2022-11-08 05:00:00+00:00,"Mayor, at-large seats 2 and 4",,f,f,26.270175600030534,-80.2592232702004,"Nov 08, 2022"
6247,Clarksville City Council,TN,LOCAL,US,12,4 years,https://www.cityofclarksville.com/522/City-Council,2022-11-08 05:00:00+00:00,"Mayor and 1, 2, 5, 6, 7, 10\n",https://mcgtn.org/election,f,f,36.570895838216764,-87.35483919900592,"Nov 08, 2022"
8441,Cole County Commission,MO,LOCAL,US,3,4 years,https://colecounty.org/324/County-Commission,2022-11-08 05:00:00+00:00,,,f,f,38.521610124679036,-92.29100562115902,"Nov 08, 2022"
6192,College Station City Council,TX,LOCAL,US,7,4 years,https://www.cstx.gov/departments___city_hall/council,2022-11-08 05:00:00+00:00,"Three at-large seats (Place 1, Place 2, and Mayor).",https://www.cstx.gov/departments___city_hall/elections,f,f,30.58527489059805,-96.29594551013676,"Nov 08, 2022"
7267,Colorado Attorney General,CO,STATE,US,1,4 years,https://coag.gov/,2022-11-08 05:00:00+00:00,,"https://ballotpedia.org/Colorado_Attorney_General_election,_2022",f,f,39.51319188657724,-105.2077729926227,"Nov 08, 2022"
8381,Colorado Governor & Lieutenant Governor,CO,STATE,US,1,4 years,https://www.colorado.gov/governor/,2022-11-08 05:00:00+00:00,,,f,f,39.51319188657724,-105.2077729926227,"Nov 08, 2022"
6801,Colorado House of Representatives,CO,STATE,US,65,2 years,https://leg.colorado.gov/,2022-11-08 05:00:00+00:00,,"https://ballotpedia.org/Colorado_House_of_Representatives_elections,_2020",f,f,39.51319188657724,-105.2077729926227,"Nov 08, 2022"
7777,Colorado Secretary of State,CO,STATE,US,1,4 years,https://www.sos.state.co.us/,2022-11-08 05:00:00+00:00,,"https://ballotpedia.org/Colorado_Secretary_of_State_election,_2022",f,f,39.51319188657724,-105.2077729926227,"Nov 08, 2022"
6803,Colorado State Senate,CO,STATE,US,35,4 years,https://leg.colorado.gov/,2022-11-08 05:00:00+00:00,,"https://ballotpedia.org/Colorado_State_Senate_elections,_2022",f,f,39.51319188657724,-105.2077729926227,"Nov 08, 2022"
7268,Colorado State Treasurer,CO,STATE,US,1,4 years,https://treasury.colorado.gov/,2022-11-08 05:00:00+00:00,,"https://ballotpedia.org/Colorado_Treasurer_election,_2022",f,f,39.51319188657724,-105.2077729926227,"Nov 08, 2022"
8366,Commonwealth of the Northern Mariana Islands Attorney General,MP,STATE,US,1,4 years,http://cnmioag.org,2022-11-08 05:00:00+00:00,,https://en.wikipedia.org/wiki/2022_United_States_attorney_general_elections,f,f,16.817085397243968,145.5957224361839,"Nov 08, 2022"
4986,Concord City Council,CA,LOCAL,US,5,4 years,http://www.cityofconcord.org/237/Mayor-City-Council,2022-11-08 05:00:00+00:00,,http://www.cityofconcord.org/page.asp?pid=1012,f,f,37.96969494663151,-122.00959901860332,"Nov 08, 2022"
7077,Connecticut Comptroller,CT,STATE,US,1,4 years,https://www.osc.ct.gov/,2022-11-08 05:00:00+00:00,,"https://ballotpedia.org/Connecticut_Comptroller_election,_2022",f,f,41.502355107116,-72.87082092850571,"Nov 08, 2022"
8376,Connecticut Governor & Lieutenant Governor,CT,STATE,US,1,4 years,https://portal.ct.gov/governor,2022-11-08 05:00:00+00:00,,,f,f,41.502355107116,-72.87082092850571,"Nov 08, 2022"
6373,Connecticut House of Representatives,CT,STATE,US,151,2 years,https://www.cga.ct.gov/asp/menu/house.asp,2022-11-08 05:00:00+00:00,,"https://ballotpedia.org/Connecticut_House_of_Representatives_elections,_2022",f,f,41.502355107116,-72.87082092850571,"Nov 08, 2022"
7799,Connecticut Secretary of the State,CT,STATE,US,1,4 years,https://portal.ct.gov/sots,2022-11-08 05:00:00+00:00,,"https://ballotpedia.org/Connecticut_Secretary_of_State_election,_2022",f,f,41.502355107116,-72.87082092850571,"Nov 08, 2022"
6778,Connecticut Senate,CT,STATE,US,36,2 years,https://www.cga.ct.gov/asp/menu/Senate.asp,2022-11-08 05:00:00+00:00,,,f,f,41.502355107116,-72.87082092850571,"Nov 08, 2022"
3056,Cook County Board of Commissioners & President,IL,LOCAL,US,17,4 years,https://www.cookcountyil.gov/board-of-commissioners,2022-11-08 05:00:00+00:00,,,f,f,41.85745253585944,-87.76447003194308,"Nov 08, 2022"
6214,Corona City Council,CA,LOCAL,US,5,4 years,https://www.coronaca.gov/about-us/city-council,2022-11-08 05:00:00+00:00,"Districts 1, 4, 5",,f,f,33.86484067094828,-117.56896005196286,"Nov 08, 2022"
6429,Corpus Christi City Council,TX,LOCAL,US,9,2 years,https://www.cctexas.com/departments/mayor-and-city-council,2022-11-08 05:00:00+00:00,,,f,f,27.730889895296087,-97.38482852142488,"Nov 08, 2022"
8520,Costa Mesa City Council,CA,LOCAL,US,7,4 years,https://www.costamesaca.gov/city-hall/city-council,2022-11-08 05:00:00+00:00,,https://www.costamesaca.gov/city-hall/city-departments/city-clerk/city-elections/city-elections-2020,f,f,33.66222963517843,-117.91466307722602,"Nov 08, 2022"
8845,Daly City Council,CA,LOCAL,US,5,4 years,https://www.dalycity.org/409/City-Council,2022-11-08 05:00:00+00:00,3 seats,,f,f,37.6862644693961,-122.4684605662521,"Nov 08, 2022"
6404,Davie Town Council,FL,LOCAL,US,5,4 years,https://www.davie-fl.gov/151/Mayor-Town-Council,2022-11-08 05:00:00+00:00,All,,f,f,26.078773356505508,-80.2803865746192,"Nov 08, 2022"
6431,Delaware House of Representatives,DE,STATE,US,41,2 years,https://legis.delaware.gov/Chambers/House/AssemblyMembers,2022-11-08 05:00:00+00:00,,,f,f,39.35061675253574,-75.53861813862346,"Nov 08, 2022"
6992,Delaware State Auditor,DE,STATE,US,1,4,https://auditor.delaware.gov/,2022-11-08 05:00:00+00:00,,"https://ballotpedia.org/Delaware_Auditor_election,_2022",f,f,39.35061675253574,-75.53861813862346,"Nov 08, 2022"
6785,Delaware State Senate,DE,STATE,US,21,4 years,https://legis.delaware.gov/,2022-11-08 05:00:00+00:00,All seats up for election,,f,f,39.35061675253574,-75.53861813862346,"Nov 08, 2022"
7304,Delaware State Treasurer,DE,STATE,US,1,4,https://treasurer.delaware.gov/,2022-11-08 05:00:00+00:00,,"https://ballotpedia.org/Delaware_Treasurer_election,_2022",f,f,39.35061675253574,-75.53861813862346,"Nov 08, 2022"
6100,Downey City Council,CA,LOCAL,US,5,4 years,https://www.downeyca.org/our-city/mayor-city-council/,2022-11-08 05:00:00+00:00,Even districts,,f,f,33.937101068111325,-118.13229547747979,"Nov 08, 2022"
5322,El Cajon City Council,CA,LOCAL,US,5,4 years,https://www.cityofelcajon.us/your-government/elected-officials/city-council,2022-11-08 05:00:00+00:00,Mayor & District 1,,f,f,32.799275935205074,-116.95415515243731,"Nov 08, 2022"
6523,El Monte City Council,CA,LOCAL,US,5,4 years (2 years for mayor),http://www.ci.el-monte.ca.us/Government/ElectedOfficials/CityCouncil.aspx,2022-11-08 05:00:00+00:00,,"https://ballotpedia.org/El_Monte,_California",f,f,34.07391966327389,-118.02907197081812,"Nov 08, 2022"
8444,El Paso City Council & Mayor,TX,LOCAL,US,8,4 years,https://www.elpasotexas.gov/government.asp,2022-11-08 05:00:00+00:00,"1, 5, 6, 8",,f,f,31.81259694520697,-106.40150162466333,"Nov 08, 2022"
6585,Elk Grove City Council,CA,LOCAL,US,5,4 years (2 years for mayor),http://www.elkgrovecity.org/cms/One.aspx?portalId=109669&pageId=119957,2022-11-08 05:00:00+00:00,"Districts 2, 4 and mayor",http://www.elkgrovecity.org/city_hall/city_government/city_clerk/election_information,f,f,38.41657016080675,-121.39719552839787,"Nov 08, 2022"
4384,Escondido City Council,CA,LOCAL,US,5,4 years,https://www.escondido.org/city-council.aspx,2022-11-08 05:00:00+00:00,"Mayor, 1, 2",,f,f,33.13126464789142,-117.06831151950773,"Nov 08, 2022"
8823,Fairfax City Council,VA,LOCAL,US,6,2 years,https://www.fairfaxva.gov/government/mayor-city-council,2022-11-08 05:00:00+00:00,All positions,,f,f,38.85298853648394,-77.2999048511569,"Nov 08, 2022"
8519,Fairfield City Council,CA,LOCAL,US,7,4 years,https://www.fairfield.ca.gov/government/city-council/city-councilmembers,2022-11-08 05:00:00+00:00,,,f,f,38.2593771716569,-122.04428243224524,"Nov 08, 2022"
7807,Florida Chief Financial Officer,FL,STATE,US,1,4,https://www.myfloridacfo.com/division/cfo/,2022-11-08 05:00:00+00:00,,"https://ballotpedia.org/Florida_Chief_Financial_Officer_election,_2022",f,f,27.822319567897868,-81.6626342845549,"Nov 08, 2022"
7808,Florida Commissioner of Agriculture and Consumer Services,FL,STATE,US,1,4,https://www.fdacs.gov/,2022-11-08 05:00:00+00:00,,"https://ballotpedia.org/Florida_Agriculture_Commissioner_election,_2022",f,f,27.822319567897868,-81.6626342845549,"Nov 08, 2022"
6459,Florida Governor & Lieutenant Governor,FL,STATE,US,1,4 years,http://www.flgov.com/,2022-11-08 05:00:00+00:00,,https://dos.myflorida.com/elections/,f,f,27.822319567897868,-81.6626342845549,"Nov 08, 2022"
8782,Florida House of Representatives,FL,STATE,US,120,2 years,https://www.myfloridahouse.gov/,2022-11-08 05:00:00+00:00,,"https://ballotpedia.org/Florida_House_of_Representatives_elections,_2022",f,f,27.822319567897868,-81.6626342845549,"Nov 08, 2022"
8781,Florida Senate,FL,STATE,US,40,4 years,https://www.flsenate.gov/,2022-11-08 05:00:00+00:00,,"https://ballotpedia.org/Florida_State_Senate_elections,_2022",f,f,27.822319567897868,-81.6626342845549,"Nov 08, 2022"
6115,Fontana City Council,CA,LOCAL,US,5,4 years,https://www.fontana.org/69/City-Council,2022-11-08 05:00:00+00:00,"Mayor, District 1 & 4",,f,f,34.103792445021156,-117.45761467581713,"Nov 08, 2022"
6557,Fort Myers City Council & Mayor,FL,LOCAL,US,6,4 years,https://cityftmyers.com/1168/Mayor-City-Council,2022-11-08 05:00:00+00:00,"Mayor, and Districts 1, 3, and 5.",,f,f,26.623728968603455,-81.84105679328657,"Nov 08, 2022"
4793,Fremont City Council,CA,LOCAL,US,7,4 years,https://www.fremont.gov/598/Mayor,2022-11-08 05:00:00+00:00,3 seats,,f,f,37.53908905070403,-121.9980851864447,"Nov 08, 2022"
7184,Fresno City Council & Mayor,CA,LOCAL,US,7,4 years,https://www.fresno.gov/citycouncil/,2022-11-08 05:00:00+00:00,"Districts 1, 3, 5",,f,f,36.782939148258144,-119.78926720577263,"Nov 08, 2022"
8422,Fullerton City Council,CA,LOCAL,US,5,4 years,https://www.cityoffullerton.com/government/city-council,2022-11-08 05:00:00+00:00,"District 3, 5.",,f,f,33.88042638403142,-117.92774720470031,"Nov 08, 2022"
8418,Garden Grove City Council,CA,LOCAL,US,7,"2 years (Mayor), 4 years (Council)",https://ggcity.org/city-council,2022-11-08 05:00:00+00:00,"Mayor, District 1, 3, 4",,f,f,33.77780021626776,-117.95459368336999,"Nov 08, 2022"
7815,Georgia Commissioner of Agriculture,GA,STATE,US,1,4 years,http://agr.georgia.gov/,2022-11-08 05:00:00+00:00,,"https://ballotpedia.org/Georgia_Agriculture_Commissioner_election,_2022",f,f,33.3680016714074,-83.88313260375072,"Nov 08, 2022"
7816,Georgia Commissioner of Labor,GA,STATE,US,1,4 years,https://dol.georgia.gov/,2022-11-08 05:00:00+00:00,,"https://ballotpedia.org/Georgia_Labor_Commissioner_election,_2022",f,f,33.3680016714074,-83.88313260375072,"Nov 08, 2022"
4464,Georgia Governor & Lieutenant Governor,GA,STATE,US,1,4 years,http://gov.georgia.gov/,2022-11-08 05:00:00+00:00,,,f,f,33.3680016714074,-83.88313260375072,"Nov 08, 2022"
8170,Georgia House of Representatives,GA,STATE,US,180,2 years,https://www.legis.ga.gov/members/house,2022-11-08 05:00:00+00:00,,"https://ballotpedia.org/Georgia_House_of_Representatives_elections,_2022",f,f,33.3680016714074,-83.88313260375072,"Nov 08, 2022"
7818,Georgia Insurance and Safety Fire Commissioner,GA,STATE,US,1,4 years,https://oci.georgia.gov/,2022-11-08 05:00:00+00:00,,"https://ballotpedia.org/Georgia_Insurance_Commissioner_election,_2022",f,f,33.3680016714074,-83.88313260375072,"Nov 08, 2022"
7819,Georgia Public Service Commission,GA,STATE,US,5,6 years,https://psc.ga.gov/,2022-11-08 05:00:00+00:00,District 2,"https://ballotpedia.org/Georgia_Public_Service_Commission_election,_2022",f,f,33.3680016714074,-83.88313260375072,"Nov 08, 2022"
7820,Georgia Secretary of State,GA,STATE,US,1,4 years,https://sos.ga.gov/,2022-11-08 05:00:00+00:00,,"https://ballotpedia.org/Georgia_Secretary_of_State_election,_2022",f,f,33.3680016714074,-83.88313260375072,"Nov 08, 2022"
6267,Georgia State Senate,GA,STATE,US,56,2 years,https://www.legis.ga.gov/senate,2022-11-08 05:00:00+00:00,All,,f,f,33.3680016714074,-83.88313260375072,"Nov 08, 2022"
7522,Georgia State Superintendent of Schools,GA,STATE,US,1,4 years,https://www.gadoe.org/Pages/superintendent.aspx,2022-11-08 05:00:00+00:00,,"https://ballotpedia.org/Georgia_Superintendent_of_Schools_election,_2022",f,f,33.3680016714074,-83.88313260375072,"Nov 08, 2022"
6040,Gilbert Town Council,AZ,LOCAL,US,7,4 years,https://www.gilbertaz.gov/departments/town-hall/mayor-town-council,2022-11-08 05:00:00+00:00,,,f,f,33.307922566712065,-111.74596691085198,"Nov 08, 2022"
5935,Glendale City Council,AZ,LOCAL,US,7,4 years,https://www.glendaleaz.com/your_government/city_council,2022-11-08 05:00:00+00:00,"3 districts (Barrel, Cholla, Ocotillo)",https://www.glendaleaz.com/clerk/elections.cfm,f,f,33.57988593270894,-112.20776758114914,"Nov 08, 2022"
8314,Governor of the Commonwealth of the Northern Mariana Islands,MP,STATE,US,1,4 years,https://governor.gov.mp/,2022-11-08 05:00:00+00:00,,https://en.wikipedia.org/wiki/2022_Northern_Mariana_Islands_gubernatorial_election,f,f,16.817085397243968,145.5957224361839,"Nov 08, 2022"
8329,Governor of the United States Virgin Islands,VI,STATE,US,1,4 years,https://www.vi.gov/,2022-11-08 05:00:00+00:00,,,f,f,18.05981790903022,-64.83903695447009,"Nov 08, 2022"
8476,Grand Rapids City Commission,MI,LOCAL,US,7,4 years,https://www.grandrapidsmi.gov/Government/City-Commission,2022-11-08 05:00:00+00:00,One official from each ward,,f,f,42.95899876293542,-85.65380670787476,"Nov 08, 2022"
6351,Greene County Commission,MO,LOCAL,US,3,4 years,https://greenecountymo.gov/commission/,2022-11-08 05:00:00+00:00,,,f,f,37.25662077008936,-93.32446494009615,"Nov 08, 2022"
6545,Gresham City Council,OR,LOCAL,US,7,4 years,https://greshamoregon.gov/Mayor-and-Council/,2022-11-08 05:00:00+00:00,"2, 4, 6",,f,f,45.50233305801767,-122.44144943969798,"Nov 08, 2022"
8251,Guam Consolidated Commission on Utilities,GU,STATE,US,5,4 years,https://guamccu.org/about-us/,2022-11-08 05:00:00+00:00,3 of 5 seats,,f,f,13.44275954785126,144.76945169733125,"Nov 08, 2022"
8822,Hampton City Council,VA,LOCAL,US,7,4 years,https://hampton.gov/222/City-Council,2022-11-08 05:00:00+00:00,"Mayor and 3 councilmembers. Originally scheduled for May 5th, all local elections in Virginia were moved to May 19th.",,f,f,37.04874896582373,-76.29535988526455,"Nov 08, 2022"
8375,Hawaii Governor & Lieutenant Governor,HI,STATE,US,1,4 years,https://governor.hawaii.gov/,2022-11-08 05:00:00+00:00,,,f,f,21.09297958765421,-157.48051268271328,"Nov 08, 2022"
8489,Hawaii House of Representatives,HI,STATE,US,51,2 years,https://www.capitol.hawaii.gov/house.aspx,2022-11-08 05:00:00+00:00,All districts.,"https://ballotpedia.org/Hawaii_House_of_Representatives_elections,_2022",f,f,21.09297958765421,-157.48051268271328,"Nov 08, 2022"
5997,Hawaii Senate,HI,STATE,US,25,4 years,https://www.capitol.hawaii.gov/senate.aspx,2022-11-08 05:00:00+00:00,,"https://ballotpedia.org/Hawaii_State_Senate_elections,_2022",f,f,21.09297958765421,-157.48051268271328,"Nov 08, 2022"
6539,Henderson City Council & Mayor,NV,LOCAL,US,4,4 years,https://www.cityofhenderson.com/government/departments/mayor-and-council,2022-11-08 05:00:00+00:00,Ward III,,f,f,36.02129969881544,-115.03819544691946,"Nov 08, 2022"
6768,Hennepin County Board of Commissioners,MN,LOCAL,US,7,4 years,https://www.hennepin.us/your-government#leadership,2022-11-08 05:00:00+00:00,,,f,f,44.971521871041446,-93.38688862307788,"Nov 08, 2022"
8530,Hillsboro City Council,OR,LOCAL,US,7,4 years,https://www.hillsboro-oregon.gov/our-city/departments/city-manager-s-office/hillsboro-101,2022-11-08 05:00:00+00:00,Position A in each ward (3),,f,f,45.52785563762412,-122.9363755757268,"Nov 08, 2022"
6135,Hollywood City Commission,FL,LOCAL,US,7,4 years,http://www.hollywoodfl.org/89/City-Commission,2022-11-08 05:00:00+00:00,"Election for districts 1, 3, and 5",,f,f,26.02572575190578,-80.17635190464459,"Nov 08, 2022"
6449,Honolulu City Council & Mayor,HI,LOCAL,US,9,4 years,https://www.honolulu.gov/council/,2022-11-08 05:00:00+00:00,,,f,f,21.421885458035153,-158.0014531355691,"Nov 08, 2022"
6295,Huntington Beach City Council,CA,LOCAL,US,7,4 years,https://www.huntingtonbeachca.gov/government/elected_officials/city_council/,2022-11-08 05:00:00+00:00,,,f,f,33.69085106185992,-118.00764265283786,"Nov 08, 2022"
7831,Idaho Controller,ID,STATE,US,1,4,https://www.sco.idaho.gov/,2022-11-08 05:00:00+00:00,,"https://ballotpedia.org/Idaho_Controller_election,_2022",f,f,44.1917575944523,-115.13810494564291,"Nov 08, 2022"
8379,Idaho Governor & Lieutenant Governor,ID,STATE,US,1,4 years,https://gov.idaho.gov/,2022-11-08 05:00:00+00:00,,,f,f,44.1917575944523,-115.13810494564291,"Nov 08, 2022"
6103,Idaho House of Representatives,ID,STATE,US,70,2 years,https://legislature.idaho.gov/house/,2022-11-08 05:00:00+00:00,All seats,,f,f,44.1917575944523,-115.13810494564291,"Nov 08, 2022"
7836,Idaho Secretary of State,ID,STATE,US,1,4,https://sos.idaho.gov/,2022-11-08 05:00:00+00:00,,"https://ballotpedia.org/Idaho_Secretary_of_State_election,_2022",f,f,44.1917575944523,-115.13810494564291,"Nov 08, 2022"
6156,Idaho State Senate,ID,STATE,US,35,2 years,https://legislature.idaho.gov/senate/,2022-11-08 05:00:00+00:00,All,,f,f,44.1917575944523,-115.13810494564291,"Nov 08, 2022"
7837,Idaho Superintendent of Public Instruction,ID,STATE,US,1,4,https://www.sde.idaho.gov/superintendent/,2022-11-08 05:00:00+00:00,,"https://ballotpedia.org/Idaho_Superintendent_of_Public_Instruction_election,_2022",f,f,44.1917575944523,-115.13810494564291,"Nov 08, 2022"
7081,Idaho Treasurer,ID,STATE,US,1,4,https://sto.idaho.gov/,2022-11-08 05:00:00+00:00,,"https://ballotpedia.org/Idaho_Treasurer_election,_2022",f,f,44.1917575944523,-115.13810494564291,"Nov 08, 2022"
7841,Illinois Comptroller,IL,STATE,US,1,4,https://illinoiscomptroller.gov/,2022-11-08 05:00:00+00:00,,"https://ballotpedia.org/Illinois_Comptroller_election,_2022",f,f,41.27231761699882,-88.39564523221125,"Nov 08, 2022"
6484,Illinois Governor,IL,STATE,US,1,4 years,http://www2.illinois.gov/gov/Pages/default.aspx,2022-11-08 05:00:00+00:00,,,f,f,41.27231761699882,-88.39564523221125,"Nov 08, 2022"
6776,Illinois House of Representatives,IL,STATE,US,118,2 years,https://www.ilga.gov/house/,2022-11-08 05:00:00+00:00,,"https://ballotpedia.org/Illinois_House_of_Representatives_elections,_2022",f,f,41.27231761699882,-88.39564523221125,"Nov 08, 2022"
2567,Illinois Lieutenant Governor,IL,STATE,US,1,,,2022-11-08 05:00:00+00:00,,,f,f,41.27231761699882,-88.39564523221125,"Nov 08, 2022"
7846,Illinois Secretary of State,IL,STATE,US,1,4,https://www.cyberdriveillinois.com/,2022-11-08 05:00:00+00:00,,"https://ballotpedia.org/Illinois_Secretary_of_State_election,_2022",f,f,41.27231761699882,-88.39564523221125,"Nov 08, 2022"
8814,Illinois Senate,IL,STATE,US,59,4 years,https://www.ilga.gov/senate/,2022-11-08 05:00:00+00:00,,,f,f,41.27231761699882,-88.39564523221125,"Nov 08, 2022"
7092,Illinois Treasurer,IL,STATE,US,1,4,https://www.illinoistreasurer.gov/,2022-11-08 05:00:00+00:00,,"https://ballotpedia.org/Illinois_Treasurer_election,_2022",f,f,41.27231761699882,-88.39564523221125,"Nov 08, 2022"
6096,Indiana House of Representatives,IN,STATE,US,100,2 years,http://iga.in.gov/,2022-11-08 05:00:00+00:00,,,f,f,40.14867415997597,-86.26118521442993,"Nov 08, 2022"
7859,Indiana Secretary of State,IN,STATE,US,1,4 years,https://www.in.gov/sos/,2022-11-08 05:00:00+00:00,,"https://ballotpedia.org/Indiana_Secretary_of_State_election,_2022",f,f,40.14867415997597,-86.26118521442993,"Nov 08, 2022"
7647,Indiana State Auditor,IN,STATE,US,1,4 years,https://www.in.gov/auditor/,2022-11-08 05:00:00+00:00,,"https://ballotpedia.org/Indiana_Auditor_election,_2022",f,f,40.14867415997597,-86.26118521442993,"Nov 08, 2022"
5994,Indiana State Senate,IN,STATE,US,50,4 years,http://iga.in.gov/,2022-11-08 05:00:00+00:00,Half of seats up for election,"https://ballotpedia.org/Indiana_State_Senate_elections,_2020",f,f,40.14867415997597,-86.26118521442993,"Nov 08, 2022"
7648,Indiana State Treasurer,IN,STATE,US,1,4 years,https://www.in.gov/tos/,2022-11-08 05:00:00+00:00,,"https://ballotpedia.org/Indiana_Treasurer_election,_2022",f,f,40.14867415997597,-86.26118521442993,"Nov 08, 2022"
6514,Inglewood City Council,CA,LOCAL,US,5,4 years,https://www.cityofinglewood.org/571/City-Council,2022-11-08 05:00:00+00:00,"Mayor, Districts 1 & 2",https://www.cityofinglewood.org/440/Elections,f,f,33.957618874583886,-118.34637213856445,"Nov 08, 2022"
6479,Iowa Governor & Lieutenant Governor,IA,STATE,US,1,4 years,https://governor.iowa.gov/,2022-11-08 05:00:00+00:00,,,f,f,41.94290261136004,-93.0442766513519,"Nov 08, 2022"
6891,Iowa House of Representatives,IA,STATE,US,100,2 years,https://www.legis.iowa.gov/legislators/house,2022-11-08 05:00:00+00:00,,"https://ballotpedia.org/Iowa_House_of_Representatives_elections,_2022",f,f,41.94290261136004,-93.0442766513519,"Nov 08, 2022"
7113,Iowa Secretary of State,IA,STATE,US,1,4,https://sos.iowa.gov/,2022-11-08 05:00:00+00:00,,"https://ballotpedia.org/Iowa_Secretary_of_State_election,_2022",f,f,41.94290261136004,-93.0442766513519,"Nov 08, 2022"
7867,Iowa State Auditor,IA,STATE,US,1,4,https://www.auditor.iowa.gov/,2022-11-08 05:00:00+00:00,,"https://ballotpedia.org/Iowa_Auditor_election,_2022",f,f,41.94290261136004,-93.0442766513519,"Nov 08, 2022"
6302,Iowa State Senate,IA,STATE,US,50,4 years,https://www.legis.iowa.gov/index.aspx,2022-11-08 05:00:00+00:00,Even numbered district officials elected in 2020 will serve out the remainder of their term in new districts after 2022.,"https://ballotpedia.org/Iowa_State_Senate_elections,_2020",f,f,41.94290261136004,-93.0442766513519,"Nov 08, 2022"
7868,Iowa State Treasurer,IA,STATE,US,1,4,https://www.iowatreasurer.gov/,2022-11-08 05:00:00+00:00,,"https://ballotpedia.org/Iowa_Treasurer_election,_2022",f,f,41.94290261136004,-93.0442766513519,"Nov 08, 2022"
8436,Irvine City Council,CA,LOCAL,US,5,Mayor: 2 years Council members: 4 years,https://www.cityofirvine.org/city-council,2022-11-08 05:00:00+00:00,,http://www.cityofirvine.org/government/city-clerk/municipal-election-information,f,f,33.67718638005761,-117.77378039165309,"Nov 08, 2022"
6213,Jurupa Valley City Council,CA,LOCAL,US,5,4 years,https://www.jurupavalley.org/215/City-Council,2022-11-08 05:00:00+00:00,"Districts 1, 3, 5",,f,f,33.99968575276079,-117.46271803402017,"Nov 08, 2022"
7871,Kansas Commissioner of Insurance,KS,STATE,US,1,4 years,https://insurance.kansas.gov/,2022-11-08 05:00:00+00:00,,"https://ballotpedia.org/Kansas_Insurance_Commissioner_election,_2022",f,f,38.462060403763836,-96.5047070901783,"Nov 08, 2022"
6482,Kansas Governor & Lieutenant Governor,KS,STATE,US,1,4 years,https://governor.kansas.gov/,2022-11-08 05:00:00+00:00,,,f,f,38.462060403763836,-96.5047070901783,"Nov 08, 2022"
6301,Kansas House of Representatives,KS,STATE,US,125,2 years,http://www.kslegislature.org/,2022-11-08 05:00:00+00:00,All,"https://ballotpedia.org/Kansas_House_of_Representatives_elections,_2020",f,f,38.462060403763836,-96.5047070901783,"Nov 08, 2022"
7875,Kansas Secretary of State,KS,STATE,US,1,4 years,https://sos.ks.gov/,2022-11-08 05:00:00+00:00,,"https://ballotpedia.org/Kansas_Secretary_of_State_election,_2022",f,f,38.462060403763836,-96.5047070901783,"Nov 08, 2022"
7877,Kansas Treasurer,KS,STATE,US,1,4 years,https://www.kansasstatetreasurer.com/,2022-11-08 05:00:00+00:00,,"https://ballotpedia.org/Kansas_Treasurer_election,_2022",f,f,38.462060403763836,-96.5047070901783,"Nov 08, 2022"
6241,Kentucky House of Representatives,KY,STATE,US,100,2 years,https://legislature.ky.gov,2022-11-08 05:00:00+00:00,,,f,f,37.82017458758508,-85.27204698044022,"Nov 08, 2022"
9057,Kentucky State Senate,KY,STATE,US,38,4 years,https://legislature.ky.gov/Legislators/senate,2022-11-08 05:00:00+00:00,Even seats,,f,f,37.82017458758508,-85.27204698044022,"Nov 08, 2022"
3017,Lake County Board of Commissioners,IN,LOCAL,US,3,4 years,https://www.lakecountyin.org/portal/media-type/html/group/commissioners/page/default,2022-11-08 05:00:00+00:00,all seats up after redistricting,,f,f,41.51485649623459,-87.39881197703981,"Nov 08, 2022"
4229,Lake County Council,IN,LOCAL,US,7,4 years,https://www.lakecountyin.org/portal/group/council/page/default,2022-11-08 05:00:00+00:00,,https://www.lakecountyil.gov/163/Elections,f,f,41.51485649623459,-87.39881197703981,"Nov 08, 2022"
5833,Lakewood Township Committee,NJ,LOCAL,US,5,3 years,https://www.lakewoodnj.gov/section/government,2022-11-08 05:00:00+00:00,1 seat,,f,f,40.07634077670035,-74.20309408072468,"Nov 08, 2022"
8417,Laredo City Council & Mayor,TX,LOCAL,US,8,4 years,https://www.cityoflaredo.com/government.html,2022-11-08 05:00:00+00:00,,http://www.webbcountytx.gov/electionsadministration/,f,f,27.532012485992553,-99.47824231223902,"Nov 08, 2022"
5408,Las Vegas City Council & Mayor,NV,LOCAL,US,6,4 years,https://www.lasvegasnevada.gov/Government/Mayor-City-Council,2022-11-08 05:00:00+00:00,"2,4,6",,f,f,36.210870185287426,-115.23998366688045,"Nov 08, 2022"
8821,Laurens County Board of Commissioners,GA,LOCAL,US,5,4 years,https://www.laurenscoga.org/181/Commissioners,2022-11-08 05:00:00+00:00,"Districts 1, 4, 5",,f,f,,,
6010,League City City Council,TX,LOCAL,US,8,4 years,https://www.leaguecity.com/412/City-Council,2022-11-08 05:00:00+00:00,"Mayor, Positions 1, 2, 6, 7",,f,f,29.487379029613795,-95.1086546716522,"Nov 08, 2022"
8160,Lexington Mayor,KY,LOCAL,US,1,4 years,http://www.lexingtonky.gov/index.aspx?page=325,2022-11-08 05:00:00+00:00,All seats,,f,f,38.02618905883753,-84.48913324186182,"Nov 08, 2022"
6227,Lexington-Fayette Urban County Council,KY,LOCAL,US,15,"2 years (districted), 4 years (at-large)",http://www.lexingtonky.gov/index.aspx?page=325,2022-11-08 05:00:00+00:00,All seats,,f,f,38.02618905883753,-84.48913324186182,"Nov 08, 2022"
8310,Lieutenant Governor of the Commonwealth of the Northern Mariana Islands,MP,STATE,US,1,4 years,https://governor.gov.mp,2022-11-08 05:00:00+00:00,,https://en.wikipedia.org/wiki/2022_Northern_Mariana_Islands_gubernatorial_election,f,f,16.817085397243968,145.5957224361839,"Nov 08, 2022"
8207,Lieutenant Governor of the United States Virgin Islands,VI,STATE,US,1,4 years,https://ltg.gov.vi/,2022-11-08 05:00:00+00:00,,,f,f,18.05981790903022,-64.83903695447009,"Nov 08, 2022"
6303,Little Rock Board of Directors & Mayor,AR,LOCAL,US,10,4 years,https://www.littlerock.gov/board-of-directors/meet-your-board-members/,2022-11-08 05:00:00+00:00,"Mayor and Board seats 1, 2, 5, 6, 7",https://www.littlerock.gov/city-administration/cityclerksoffice/board-elections/,f,f,34.73307947066658,-92.36218372520551,"Nov 08, 2022"
9058,Los Angeles City Council & Mayor,CA,LOCAL,US,15,4 years,https://www.lacity.org/your-government/elected-officials/city-council,2022-11-08 05:00:00+00:00,,,f,f,34.095349411839344,-118.37239595137513,"Nov 08, 2022"
7655,Louisiana Public Service Commission,LA,STATE,US,5,6 years,http://www.lpsc.louisiana.gov/,2022-11-08 05:00:00+00:00,"Districts 3 and 4. If necessary, a general election will be held on December 10.",https://www.sos.la.gov/ElectionsAndVoting/PublishedDocuments/ElectionsCalendar2022.pdf,f,f,30.696117262759483,-91.50003999216038,"Nov 08, 2022"
6953,Louisville Metro Council & Mayor,KY,LOCAL,US,26,4 years,https://louisvilleky.gov/government/metro-council,2022-11-08 05:00:00+00:00,Odd numbered districts,,f,f,38.198402485644564,-85.69145837486994,"Nov 08, 2022"
6483,Maine Governor & Lieutenant Governor,ME,STATE,US,1,4 years,https://www.maine.gov/governor/,2022-11-08 05:00:00+00:00,,,f,f,44.317798478496265,-69.73102434224691,"Nov 08, 2022"
8510,Maine House of Representatives,ME,STATE,US,151,2 years,https://legislature.maine.gov/house/house/,2022-11-08 05:00:00+00:00,,,f,f,44.317798478496265,-69.73102434224691,"Nov 08, 2022"
6102,Maine State Senate,ME,STATE,US,35,2 years,http://legislature.maine.gov/senate/,2022-11-08 05:00:00+00:00,,,f,f,44.317798478496265,-69.73102434224691,"Nov 08, 2022"
7191,Maryland Comptroller,MD,STATE,US,1,4 years,https://www.marylandtaxes.gov/,2022-11-08 05:00:00+00:00,,"https://ballotpedia.org/Maryland_Comptroller_election,_2022",f,f,39.098545466444556,-76.7919318826322,"Nov 08, 2022"
5375,Maryland Governor & Lieutenant Governor,MD,STATE,US,1,4 years,https://governor.maryland.gov/,2022-11-08 05:00:00+00:00,,,f,f,39.098545466444556,-76.7919318826322,"Nov 08, 2022"
9037,Maryland House of Delegates,MD,STATE,US,141,4 years,http://www.msa.md.gov/msa/mdmanual/06hse/html/hse.html,2022-11-08 05:00:00+00:00,,,f,f,39.098545466444556,-76.7919318826322,"Nov 08, 2022"
6799,Maryland State Senate,MD,STATE,US,47,4 years,https://mgaleg.maryland.gov/mgawebsite/,2022-11-08 05:00:00+00:00,,,f,f,39.098545466444556,-76.7919318826322,"Nov 08, 2022"
7219,Massachusetts Auditor of the Commonwealth,MA,STATE,US,1,4 years,https://www.mass.gov/orgs/office-of-the-state-auditor,2022-11-08 05:00:00+00:00,,"https://ballotpedia.org/Massachusetts_Auditor_election,_2022",f,f,42.2707016687183,-71.36659953132225,"Nov 08, 2022"
6477,Massachusetts Governor & Lieutenant Governor,MA,STATE,US,1,4 years,http://www.mass.gov/governor/,2022-11-08 05:00:00+00:00,,,f,f,42.2707016687183,-71.36659953132225,"Nov 08, 2022"
5646,Massachusetts House of Representatives,MA,STATE,US,160,2 years,https://malegislature.gov/People/House,2022-11-08 05:00:00+00:00,,"https://ballotpedia.org/Massachusetts_House_of_Representatives_elections,_2022",f,f,42.2707016687183,-71.36659953132225,"Nov 08, 2022"
6286,Massachusetts Senate,MA,STATE,US,40,2 years,https://malegislature.gov/People/Senate,2022-11-08 05:00:00+00:00,,"https://ballotpedia.org/Massachusetts_State_Senate_elections,_2022",f,f,42.2707016687183,-71.36659953132225,"Nov 08, 2022"
7218,Massachusetts Treasurer,MA,STATE,US,1,4 years,https://www.masstreasury.org/,2022-11-08 05:00:00+00:00,,"https://ballotpedia.org/Massachusetts_Treasurer_election,_2022",f,f,42.2707016687183,-71.36659953132225,"Nov 08, 2022"
8737,Maui County Council & Mayor,HI,LOCAL,US,9,2 years,http://mauicounty.us/councilmembers/,2022-11-08 05:00:00+00:00,All,,f,f,,,
5333,Mayor of Clarksville,TN,LOCAL,US,1,4 years,https://www.cityofclarksville.com/283/Mayors-Office,2022-11-08 05:00:00+00:00,"Mayor and 1, 2, 5, 6, 7, 10\n",https://mcgtn.org/election,f,f,36.570895838216764,-87.35483919900592,"Nov 08, 2022"
2629,Mayor of Providence,RI,LOCAL,US,1,4 years,http://cityof.providenceri.com/mayor,2022-11-08 05:00:00+00:00,,,f,f,41.82325379873909,-71.42406590242012,"Nov 08, 2022"
7025,Mecklenburg Board of County Commissioners,NC,LOCAL,US,9,2 years,https://www.mecknc.gov/Pages/Home.aspx,2022-11-08 05:00:00+00:00,,,f,f,35.233257786897845,-80.81850816696178,"Nov 08, 2022"
8913,Menifee City Council,CA,LOCAL,US,5,4 years,https://www.cityofmenifee.us/89/City-Council,2022-11-08 05:00:00+00:00,,https://www.cityofmenifee.us/431/Election-and-Voter-Information,f,f,,,
6447,Menlo Park City Council,CA,LOCAL,US,5,4 years,https://www.menlopark.org/455/City-Council,2022-11-08 05:00:00+00:00,"District 1, 2, and 4",https://www.menlopark.org/744/Elections,f,f,37.45815125682509,-122.172638514238,"Nov 08, 2022"
8529,Mesa City Council,AZ,LOCAL,US,7,4 years,https://www.mesaaz.gov/government/mayor-council?locale=en,2022-11-08 05:00:00+00:00,"Districts 4, 5, 6",,f,f,33.408443891527526,-111.7627529951568,"Nov 08, 2022"
6069,Miami Gardens City Council,FL,LOCAL,US,7,4 years,https://www.miamigardens-fl.gov/269/City-Council,2022-11-08 05:00:00+00:00,"Districts 2 and 4, plus 1 at-large seat.",,f,f,25.944286065381483,-80.2438184845479,"Nov 08, 2022"
6134,Miami-Dade Board of County Commissioners & Mayor,FL,LOCAL,US,13,4 years,https://www.miamidade.gov/global/government/commission/home.page,2022-11-08 05:00:00+00:00,Even districts,,f,f,25.75834077703208,-80.3405413382894,"Nov 08, 2022"
5374,Michigan Governor & Lieutenant Governor,MI,STATE,US,1,4 years,https://www.michigan.gov/,2022-11-08 05:00:00+00:00,,,f,f,42.90919135765188,-84.21488179745796,"Nov 08, 2022"
6177,Michigan House of Representatives,MI,STATE,US,110,2 years,https://www.house.mi.gov/,2022-11-08 05:00:00+00:00,,"https://ballotpedia.org/Michigan_House_of_Representatives_elections,_2022",f,f,42.90919135765188,-84.21488179745796,"Nov 08, 2022"
7684,Michigan Secretary of State,MI,STATE,US,1,4 years,https://www.michigan.gov/sos/,2022-11-08 05:00:00+00:00,,"https://ballotpedia.org/Michigan_Secretary_of_State_election,_2022",f,f,42.90919135765188,-84.21488179745796,"Nov 08, 2022"
8498,Michigan State Senate,MI,STATE,US,38,4 years,https://senate.michigan.gov/,2022-11-08 05:00:00+00:00,All districts.,,f,f,42.90919135765188,-84.21488179745796,"Nov 08, 2022"
6095,Midland City Council,TX,LOCAL,US,7,3 years,http://www.midlandtexas.gov/238/Mayor-City-Council,2022-11-08 05:00:00+00:00,"Districts 3 & 4, plus at-large mayoral seat.",,f,f,32.018629234701194,-102.11469487891779,"Nov 08, 2022"
7246,Minnesota Attorney General,MN,STATE,US,1,4 years,https://www.ag.state.mn.us/,2022-11-08 05:00:00+00:00,,"https://ballotpedia.org/Minnesota_Attorney_General_election,_2022",f,f,45.22577301417274,-93.5816734690406,"Nov 08, 2022"
6465,Minnesota Governor & Lieutenant Governor,MN,STATE,US,1,4 years,http://mn.gov/governor/,2022-11-08 05:00:00+00:00,,,f,f,45.22577301417274,-93.5816734690406,"Nov 08, 2022"
6254,Minnesota House of Representatives,MN,STATE,US,134,2 years,https://www.house.leg.state.mn.us/,2022-11-08 05:00:00+00:00,,"https://ballotpedia.org/Minnesota_House_of_Representatives_elections,_2022",f,f,45.22577301417274,-93.5816734690406,"Nov 08, 2022"
6466,Minnesota Lieutenant Governor,MN,STATE,US,1,,,2022-11-08 05:00:00+00:00,,,f,f,45.22577301417274,-93.5816734690406,"Nov 08, 2022"
7902,Minnesota Secretary of State,MN,STATE,US,1,4 years,https://www.sos.state.mn.us/,2022-11-08 05:00:00+00:00,,"https://ballotpedia.org/Minnesota_Secretary_of_State_election,_2022",f,f,45.22577301417274,-93.5816734690406,"Nov 08, 2022"
7277,Minnesota State Auditor,MN,STATE,US,1,4 years,https://www.osa.state.mn.us/,2022-11-08 05:00:00+00:00,,"https://ballotpedia.org/Minnesota_Auditor_election,_2022",f,f,45.22577301417274,-93.5816734690406,"Nov 08, 2022"
6360,Minnesota State Senate,MN,STATE,US,67,4 years,https://www.senate.mn/,2022-11-08 05:00:00+00:00,,"https://ballotpedia.org/Minnesota_State_Senate_elections,_2022",f,f,45.22577301417274,-93.5816734690406,"Nov 08, 2022"
6261,Missouri House of Representatives,MO,STATE,US,163,2 years,https://www.house.mo.gov/,2022-11-08 05:00:00+00:00,,"https://ballotpedia.org/Missouri_House_of_Representatives_elections,_2022",f,f,38.421148506238424,-92.20243464460874,"Nov 08, 2022"
6647,Missouri Senate,MO,STATE,US,34,4 years,https://www.senate.mo.gov/,2022-11-08 05:00:00+00:00,All even numbered districts,,f,f,38.421148506238424,-92.20243464460874,"Nov 08, 2022"
7945,Missouri State Auditor,MO,STATE,US,1,4 years,https://auditor.mo.gov/,2022-11-08 05:00:00+00:00,,"https://ballotpedia.org/Missouri_Auditor_election,_2022",f,f,38.421148506238424,-92.20243464460874,"Nov 08, 2022"
8435,Modesto City Council,CA,LOCAL,US,7,4 years,https://www.modestogov.com/659/City-Council,2022-11-08 05:00:00+00:00,,,f,f,37.651675490290266,-120.99606482119077,"Nov 08, 2022"
8876,Montana House of Representatives,MT,STATE,US,100,2 years,https://leg.mt.gov/legislator-information/,2022-11-08 05:00:00+00:00,All,,f,f,46.79826500797628,-111.2924877484961,"Nov 08, 2022"
7908,Montana Public Service Commission,MT,STATE,US,5,4 years,http://psc.mt.gov/,2022-11-08 05:00:00+00:00,Districts 1 & 5,"https://ballotpedia.org/Montana_Public_Service_Commission_election,_2022",f,f,46.79826500797628,-111.2924877484961,"Nov 08, 2022"
8407,Montana State Senate,MT,STATE,US,50,4 years,https://leg.mt.gov/,2022-11-08 05:00:00+00:00,Officials elected in 2020 will serve out term in new districts after 2022,,f,f,46.79826500797628,-111.2924877484961,"Nov 08, 2022"
7027,Montgomery County Council & Executive,MD,LOCAL,US,9,4 years,https://www.montgomerycountymd.gov/council/,2022-11-08 05:00:00+00:00,All,,f,f,39.12682931391441,-77.16866805491485,"Nov 08, 2022"
6605,Moreno Valley City Council,CA,LOCAL,US,5,4 years (2 years for mayor),http://www.moreno-valley.ca.us/city_council/index.shtml,2022-11-08 05:00:00+00:00,"Mayor + districts 1, 3",,f,f,33.916030843494354,-117.20763031757835,"Nov 08, 2022"
8606,Murrieta City Council,CA,LOCAL,US,5,4 years,https://www.murrietaca.gov/377/City-Council,2022-11-08 05:00:00+00:00,"Districts 1, 2, and 5",,f,f,33.572168911318876,-117.18635685612624,"Nov 08, 2022"
7912,Nebraska Auditor of Public Accounts,NE,STATE,US,1,4 years,https://auditors.nebraska.gov/,2022-11-08 05:00:00+00:00,,"https://ballotpedia.org/Nebraska_Auditor_election,_2022",f,f,41.2004834022387,-97.39611176996608,"Nov 08, 2022"
6462,Nebraska Governor & Lieutenant Governor,NE,STATE,US,1,4 years,http://www.governor.nebraska.gov/,2022-11-08 05:00:00+00:00,,,f,f,41.2004834022387,-97.39611176996608,"Nov 08, 2022"
7918,Nebraska Public Service Commission,NE,STATE,US,5,6 years,https://psc.nebraska.gov/,2022-11-08 05:00:00+00:00,Districts 4 & 5,"https://ballotpedia.org/Nebraska_Public_Service_Commission_election,_2022",f,f,41.2004834022387,-97.39611176996608,"Nov 08, 2022"
7919,Nebraska Secretary of State,NE,STATE,US,1,4 years,https://sos.nebraska.gov/,2022-11-08 05:00:00+00:00,,"https://ballotpedia.org/Nebraska_Secretary_of_State_election,_2022",f,f,41.2004834022387,-97.39611176996608,"Nov 08, 2022"
7564,Nebraska Treasurer,NE,STATE,US,1,4 years,https://treasurer.nebraska.gov/,2022-11-08 05:00:00+00:00,,"https://ballotpedia.org/Nebraska_Treasurer_election,_2022",f,f,41.2004834022387,-97.39611176996608,"Nov 08, 2022"
6527,Nebraska Unicameral Legislature,NE,STATE,US,49,4 years,https://nebraskalegislature.gov/,2022-11-08 05:00:00+00:00,"Even numbered seats\n\nRepresentatives from odd numbered districts elected in 2020 will serve 4 year terms, but their valid_to_dates were shortened to 2023-01-04 due to redistricting.",,f,f,41.2004834022387,-97.39611176996608,"Nov 08, 2022"
7924,Nevada Controller,NV,STATE,US,1,4 years,https://controller.nv.gov/,2022-11-08 05:00:00+00:00,,"https://ballotpedia.org/Nevada_Controller_election,_2022",f,f,37.07203205998718,-116.12462648368005,"Nov 08, 2022"
8384,Nevada Governor & Lieutenant Governor,NV,STATE,US,1,4 years,https://gov.nv.gov/,2022-11-08 05:00:00+00:00,,,f,f,37.07203205998718,-116.12462648368005,"Nov 08, 2022"
7285,Nevada Secretary of State,NV,STATE,US,1,4 years,https://www.nvsos.gov/sos,2022-11-08 05:00:00+00:00,,"https://ballotpedia.org/Nevada_Secretary_of_State_election,_2022",f,f,37.07203205998718,-116.12462648368005,"Nov 08, 2022"
6401,Nevada State Assembly,NV,STATE,US,42,2 years,https://www.leg.state.nv.us/App/Legislator/A/Assembly/Current,2022-11-08 05:00:00+00:00,,,f,f,37.07203205998718,-116.12462648368005,"Nov 08, 2022"
8454,Nevada State Senate,NV,STATE,US,21,4 years,https://www.leg.state.nv.us/Senate/,2022-11-08 05:00:00+00:00,"Districts 2, 8, 9, 10, 12, 13, 14, 16, 17, 20, 21","https://ballotpedia.org/Nevada_State_Senate_elections,_2020",f,f,37.07203205998718,-116.12462648368005,"Nov 08, 2022"
7287,Nevada State Treasurer,NV,STATE,US,1,4 years,https://www.nevadatreasurer.gov/,2022-11-08 05:00:00+00:00,,"https://ballotpedia.org/Nevada_Treasurer_election,_2022",f,f,37.07203205998718,-116.12462648368005,"Nov 08, 2022"
2683,New Hampshire Governor & Lieutenant Governor,NH,STATE,US,1,2 years,http://www.governor.nh.gov/,2022-11-08 05:00:00+00:00,,,f,f,43.233382881588916,-71.48592048291336,"Nov 08, 2022"
7019,New Hampshire House of Representatives,NH,STATE,US,400,2 years,http://www.gencourt.state.nh.us/house/,2022-11-08 05:00:00+00:00,,"https://ballotpedia.org/New_Hampshire_House_of_Representatives_elections,_2020",f,f,43.233382881588916,-71.48592048291336,"Nov 08, 2022"
6104,New Hampshire State Senate,NH,STATE,US,24,2 years,http://www.gencourt.state.nh.us/senate/,2022-11-08 05:00:00+00:00,,,f,f,43.233382881588916,-71.48592048291336,"Nov 08, 2022"
7575,New Mexico Attorney General,NM,STATE,US,1,4 years,https://www.nmag.gov/,2022-11-08 05:00:00+00:00,,https://www.sos.state.nm.us/,f,f,34.68147076439752,-106.41475950701687,"Nov 08, 2022"
7579,New Mexico Auditor,NM,STATE,US,1,4 years,https://www.saonm.org/,2022-11-08 05:00:00+00:00,,https://www.sos.state.nm.us/,f,f,34.68147076439752,-106.41475950701687,"Nov 08, 2022"
8373,New Mexico Governor & Lieutenant Governor,NM,STATE,US,1,4 years,https://www.governor.state.nm.us/,2022-11-08 05:00:00+00:00,,http://www.sos.state.nm.us/,f,f,34.68147076439752,-106.41475950701687,"Nov 08, 2022"
6780,New Mexico House of Representatives,NM,STATE,US,70,2 years,https://www.nmlegis.gov/,2022-11-08 05:00:00+00:00,,,f,f,34.68147076439752,-106.41475950701687,"Nov 08, 2022"
7961,New Mexico Public Regulation Commission,NM,STATE,US,5,4 years,http://www.nmprc.state.nm.us/,2022-11-08 05:00:00+00:00,"Districts 2, 4 and 5",https://www.sos.state.nm.us/,f,f,34.68147076439752,-106.41475950701687,"Nov 08, 2022"
7965,New Mexico Secretary of State,NM,STATE,US,1,4 years,https://www.sos.state.nm.us/,2022-11-08 05:00:00+00:00,,https://www.sos.state.nm.us/,f,f,34.68147076439752,-106.41475950701687,"Nov 08, 2022"
7594,New Mexico Treasurer,NM,STATE,US,1,4 years,https://nmsto.gov/,2022-11-08 05:00:00+00:00,,https://www.sos.state.nm.us/,f,f,34.68147076439752,-106.41475950701687,"Nov 08, 2022"
8223,New York Comptroller,NY,STATE,US,1,4 years,https://www.ny.gov/agencies/office-state-comptroller,2022-11-08 05:00:00+00:00,,"https://ballotpedia.org/New_York_Comptroller_election,_2022",f,f,41.520071813582426,-74.6428268768959,"Nov 08, 2022"
8387,New York Governor & Lieutenant Governor,NY,STATE,US,1,4 years,https://www.governor.ny.gov/,2022-11-08 05:00:00+00:00,,,f,f,41.520071813582426,-74.6428268768959,"Nov 08, 2022"
8786,New York State Assembly,NY,STATE,US,150,2 years,https://nyassembly.gov/mem/,2022-11-08 05:00:00+00:00,,,f,f,41.520071813582426,-74.6428268768959,"Nov 08, 2022"
8928,New York State Senate,NY,STATE,US,63,2 years,https://www.nysenate.gov/,2022-11-08 05:00:00+00:00,,"https://ballotpedia.org/New_York_State_Senate_elections,_2020",f,f,41.520071813582426,-74.6428268768959,"Nov 08, 2022"
8829,Newport News City Council,VA,LOCAL,US,7,4 years,https://www.nnva.gov/465/Elected-Officials,2022-11-08 05:00:00+00:00,"Mayor, 1B, 2B, 3B",,f,f,37.085691357733104,-76.50602940957862,"Nov 08, 2022"
6245,North Carolina House of Representatives,NC,STATE,US,120,2 years,https://www.ncleg.gov/House,2022-11-08 05:00:00+00:00,,"https://ballotpedia.org/North_Carolina_State_Senate_elections,_2022",f,f,35.540385489256906,-79.64587524278005,"Nov 08, 2022"
9016,North Carolina Senate,NC,STATE,US,50,2 years,https://www.ncleg.gov/Senate,2022-11-08 05:00:00+00:00,,"https://ballotpedia.org/North_Carolina_State_Senate_elections,_2022",f,f,35.540385489256906,-79.64587524278005,"Nov 08, 2022"
6171,North Dakota House of Representatives,ND,STATE,US,94,4 years,https://www.legis.nd.gov/,2022-11-08 05:00:00+00:00,,https://sos.nd.gov/elections,f,f,47.352685685594544,-99.36022661804799,"Nov 08, 2022"
8364,North Dakota Public Service Commission,ND,STATE,US,3,6 years,https://www.psc.nd.gov/,2022-11-08 05:00:00+00:00,,"https://ballotpedia.org/North_Dakota_Public_Service_Commission_election,_2022",f,f,47.352685685594544,-99.36022661804799,"Nov 08, 2022"
8230,North Dakota Secretary of State,ND,STATE,US,1,4 years,https://sos.nd.gov/,2022-11-08 05:00:00+00:00,,"https://ballotpedia.org/North_Dakota_Secretary_of_State_election,_2022",f,f,47.352685685594544,-99.36022661804799,"Nov 08, 2022"
8816,North Dakota Senate,ND,STATE,US,47,4 years,https://www.legis.nd.gov/,2022-11-08 05:00:00+00:00,Odd districts.,"https://ballotpedia.org/North_Dakota_State_Senate_elections,_2022",f,f,47.352685685594544,-99.36022661804799,"Nov 08, 2022"
6600,North Las Vegas City Council,NV,LOCAL,US,5,4 years,http://www.cityofnorthlasvegas.com/departments/mayor_and_council/index.php,2022-11-08 05:00:00+00:00,Mayor and 2 City Council seats,http://www.cityofnorthlasvegas.com/departments/city_clerk/index.php,f,f,36.27879409358809,-115.11687925984612,"Nov 08, 2022"
8880,Norwalk City Council,CA,LOCAL,US,5,4 years,https://www.norwalk.org/city-hall/mayor-and-city-council-information-copy,2022-11-08 05:00:00+00:00,Two at-large seats,,f,f,33.90687891714376,-118.0829073932792,"Nov 08, 2022"
6312,Oakland City Council & Mayor,CA,LOCAL,US,8,4 years,https://www.oaklandca.gov/departments/oakland-city-council,2022-11-08 05:00:00+00:00,,,f,f,37.789391537656144,-122.22679337101133,"Nov 08, 2022"
6146,Oceanside City Council,CA,LOCAL,US,5,4 years,https://www.ci.oceanside.ca.us/gov/council/default.asp,2022-11-08 05:00:00+00:00,,https://www.ci.oceanside.ca.us/gov/clerk/elections/current_elections.asp,f,f,33.22081064326559,-117.31202127217314,"Nov 08, 2022"
6138,Odessa City Council,TX,LOCAL,US,7,4 years,https://tx-odessa.civicplus.com/670/City-Council,2022-11-08 05:00:00+00:00,"Districts 3, 4, and 5",,f,f,31.877186747450054,-102.35577162386095,"Nov 08, 2022"
7999,Ohio Auditor of State,OH,STATE,US,1,4 years,https://ohioauditor.gov/,2022-11-08 05:00:00+00:00,,"https://ballotpedia.org/Ohio_Auditor_election,_2022",f,f,40.45000799139277,-82.77031481149976,"Nov 08, 2022"
8374,Ohio Governor & Lieutenant Governor,OH,STATE,US,1,4 years,https://governor.ohio.gov/wps/portal/gov/governor/,2022-11-08 05:00:00+00:00,,,f,f,40.45000799139277,-82.77031481149976,"Nov 08, 2022"
6223,Ohio House of Representatives,OH,STATE,US,99,2 years,https://ohiohouse.gov/,2022-11-08 05:00:00+00:00,All,,f,f,40.45000799139277,-82.77031481149976,"Nov 08, 2022"
8005,Ohio Secretary of State,OH,STATE,US,1,4 years,https://www.sos.state.oh.us/,2022-11-08 05:00:00+00:00,,"https://ballotpedia.org/Ohio_Secretary_of_State_election,_2022",f,f,40.45000799139277,-82.77031481149976,"Nov 08, 2022"
6652,Ohio Senate,OH,STATE,US,33,4 years,https://www.senate.state.oh.us/,2022-11-08 05:00:00+00:00,,,f,f,40.45000799139277,-82.77031481149976,"Nov 08, 2022"
8008,Ohio Treasurer,OH,STATE,US,1,4 years,https://www.tos.ohio.gov/,2022-11-08 05:00:00+00:00,,"https://ballotpedia.org/Ohio_Treasurer_election,_2022",f,f,40.45000799139277,-82.77031481149976,"Nov 08, 2022"
8268,Oklahoma Commissioner of Insurance,OK,STATE,US,1,4 years,https://www.oid.ok.gov/,2022-11-08 05:00:00+00:00,,"https://ballotpedia.org/Oklahoma_Insurance_Commissioner_election,_2022",f,f,35.59897522795839,-96.84438707180561,"Nov 08, 2022"
8271,Oklahoma Commissioner of Labor,OK,STATE,US,1,4 years,https://www.ok.gov/Labor/,2022-11-08 05:00:00+00:00,,"https://ballotpedia.org/Oklahoma_Labor_Commissioner_election,_2022",f,f,35.59897522795839,-96.84438707180561,"Nov 08, 2022"
8272,Oklahoma Corporation Commission,OK,STATE,US,3,6 years,https://oklahoma.gov/occ.html,2022-11-08 05:00:00+00:00,,"https://ballotpedia.org/Oklahoma_Corporation_Commission_election,_2022",f,f,35.59897522795839,-96.84438707180561,"Nov 08, 2022"
8380,Oklahoma Governor & Lieutenant Governor,OK,STATE,US,1,4 years,https://www.governor.ok.gov/,2022-11-08 05:00:00+00:00,,,f,f,35.59897522795839,-96.84438707180561,"Nov 08, 2022"
8416,Oklahoma House of Representatives,OK,STATE,US,101,2 years,https://www.okhouse.gov/,2022-11-08 05:00:00+00:00,,,f,f,35.59897522795839,-96.84438707180561,"Nov 08, 2022"
6399,Oklahoma Senate,OK,STATE,US,48,4 years,http://www.oksenate.gov/,2022-11-08 05:00:00+00:00,even numbered seats,"https://ballotpedia.org/Oklahoma_State_Senate_elections,_2022",f,f,35.59897522795839,-96.84438707180561,"Nov 08, 2022"
8266,Oklahoma State Auditor and Inspector,OK,STATE,US,1,4 years,https://www.sai.ok.gov/,2022-11-08 05:00:00+00:00,,"https://ballotpedia.org/Oklahoma_Auditor_election,_2022",f,f,35.59897522795839,-96.84438707180561,"Nov 08, 2022"
8267,Oklahoma Superintendent of Public Instruction,OK,STATE,US,1,4 years,https://sde.ok.gov/superintendent,2022-11-08 05:00:00+00:00,,"https://ballotpedia.org/Oklahoma_Superintendent_of_Public_Instruction_election,_2022",f,f,35.59897522795839,-96.84438707180561,"Nov 08, 2022"
8265,Oklahoma Treasurer,OK,STATE,US,1,4 years,https://www.ok.gov/treasurer/,2022-11-08 05:00:00+00:00,,"https://ballotpedia.org/Oklahoma_Treasurer_election,_2022",f,f,35.59897522795839,-96.84438707180561,"Nov 08, 2022"
6149,Ontario City Council,CA,LOCAL,US,5,4 years,https://www.ontarioca.gov/public-officials,2022-11-08 05:00:00+00:00,,,f,f,34.039272090808936,-117.60642005653492,"Nov 08, 2022"
8527,Orange City Council,CA,LOCAL,US,7,4 years (2 years for mayor),https://www.cityoforange.org/183/City-Council,2022-11-08 05:00:00+00:00,,https://www.cityoforange.org/163/Elections,f,f,33.80302937718817,-117.8273669726195,"Nov 08, 2022"
6813,Orange County Board of Supervisors,CA,LOCAL,US,5,4 years,https://board.ocgov.com/,2022-11-08 05:00:00+00:00,"Districts 2, 4 and 5",https://www.ocvote.com/,f,f,33.73525602469423,-117.83317511358027,"Nov 08, 2022"
7848,Oregon Commissioner of Labor and Industries,OR,STATE,US,1,4 years,https://www.oregon.gov/boli/Pages/index.aspx,2022-11-08 05:00:00+00:00,,https://sos.oregon.gov/voting-elections/pages/default.aspx,f,f,44.69930416751331,-122.52041143314962,"Nov 08, 2022"
4469,Oregon Governor & Lieutenant Governor,OR,STATE,US,1,4 years,http://www.oregon.gov/gov/pages/index.aspx,2022-11-08 05:00:00+00:00,,https://sos.oregon.gov/voting-elections/pages/default.aspx,f,f,44.69930416751331,-122.52041143314962,"Nov 08, 2022"
6371,Oregon House of Representatives,OR,STATE,US,60,2 years,https://www.oregonlegislature.gov/house,2022-11-08 05:00:00+00:00,,"https://ballotpedia.org/Oregon_House_of_Representatives_elections,_2022",f,f,44.69930416751331,-122.52041143314962,"Nov 08, 2022"
6285,Oregon State Senate,OR,STATE,US,30,4 years,https://www.oregonlegislature.gov/senate,2022-11-08 05:00:00+00:00,,https://en.wikipedia.org/wiki/2020_United_States_Senate_election_in_Oregon,f,f,44.69930416751331,-122.52041143314962,"Nov 08, 2022"
6823,Oxnard City Council,CA,LOCAL,US,7,4 years,https://www.oxnard.org/city-department/city-council/,2022-11-08 05:00:00+00:00,,https://www.oxnard.org/city-department/city-clerk/,f,f,34.192290092248655,-119.17890778392619,"Nov 08, 2022"
6170,Palm Bay City Council,FL,LOCAL,US,5,4 years,https://www.palmbayflorida.org/government/city-departments-f-to-z/legislative/mayor-city-council,2022-11-08 05:00:00+00:00,,https://www.palmbayflorida.org/government/departments/city-council-city-clerk/city-clerk/elections,f,f,27.986069686167788,-80.66277286667467,"Nov 08, 2022"
8911,Palmdale City Council,CA,LOCAL,US,5,4 years,https://cityofpalmdale.org/304/City-Council,2022-11-08 05:00:00+00:00,"Districts 1, 2",,f,f,34.58359723615341,-118.09008139027114,"Nov 08, 2022"
4623,Pennsylvania Governor & Lieutenant Governor,PA,STATE,US,1,4 years,https://www.governor.pa.gov/,2022-11-08 05:00:00+00:00,Odd-numbered Senators elected in 2020 had their terms limited to 2 years due to redistricting. They will serve out the remainder of their term in new districts.,,f,f,40.462968494344096,-77.0384599691162,"Nov 08, 2022"
6193,Pennsylvania House of Representatives,PA,STATE,US,203,2 years,https://www.house.state.pa.us/,2022-11-08 05:00:00+00:00,Odd-numbered Senators elected in 2020 had their terms limited to 2 years due to redistricting. They will serve out the remainder of their term in new districts.,,f,f,40.462968494344096,-77.0384599691162,"Nov 08, 2022"
8411,Pennsylvania Senate,PA,STATE,US,50,4 years,https://www.pasen.gov/,2022-11-08 05:00:00+00:00,Odd-numbered Senators elected in 2020 had their terms limited to 2 years due to redistricting. They will serve out the remainder of their term in new districts.,,f,f,40.462968494344096,-77.0384599691162,"Nov 08, 2022"
8940,Peoria City Council,AZ,LOCAL,US,7,4 years,https://www.peoriaaz.gov/government/mayor-and-city-council,2022-11-08 05:00:00+00:00,"4 seats (Acacia, Palo Verde, Pine and Mayor)",,f,f,33.67140803923977,-112.26247935030649,"Nov 08, 2022"
6914,Pomona City Council,CA,LOCAL,US,7,4 years,https://www.pomonaca.gov/government/mayor-city-council,2022-11-08 05:00:00+00:00,"Districts 2, 3, 5",,f,f,34.0576806191184,-117.7595017758855,"Nov 08, 2022"
8678,Pompano Beach City Commission,FL,LOCAL,US,6,2 years for commissioners; 4 years for mayor,https://www.pompanobeachfl.gov/government/commission,2022-11-08 05:00:00+00:00,Districts 1 through 5,,f,f,26.241088058994873,-80.12647419985574,"Nov 08, 2022"
6597,Port St. Lucie City Council,FL,LOCAL,US,5,4 years,https://www.cityofpsl.com/government/mayor-city-council,2022-11-08 05:00:00+00:00,"Districts 1, 3, and 5",,f,f,27.279548472931406,-80.38820958312706,"Nov 08, 2022"
8403,Portland City Council & Mayor,OR,LOCAL,US,4,4 years,https://www.portland.gov/government,2022-11-08 05:00:00+00:00,Positions 2 & 3,,f,f,45.53709131293508,-122.6504145376738,"Nov 08, 2022"
8739,Prince Georges County Council & Executive,MD,LOCAL,US,11,4 years,https://pgccouncil.us/27/The-Council,2022-11-08 05:00:00+00:00,,,f,f,38.88908750474584,-76.87320714810072,"Nov 08, 2022"
5328,Providence City Council,RI,LOCAL,US,15,4 years,https://council.providenceri.gov/councilors/,2022-11-08 05:00:00+00:00,,,f,f,41.82325379873909,-71.42406590242012,"Nov 08, 2022"
7626,Raleigh City Council,NC,LOCAL,US,8,2 years,https://raleighnc.gov/city-council-office,2022-11-08 05:00:00+00:00,All seats.,,f,f,35.82908136611736,-78.6447253455309,"Nov 08, 2022"
5439,Ramsey County Board of Commissioners,MN,LOCAL,US,7,4 years,https://www.ramseycounty.us/your-government/leadership/board-commissioners,2022-11-08 05:00:00+00:00,all districts up after redistricting,"https://ballotpedia.org/Government_of_Ramsey_County,_Minnesota",f,f,44.99203033469011,-93.10308389365113,"Nov 08, 2022"
8645,Reno City Council,NV,LOCAL,US,7,4 years,https://www.reno.gov/government/city-council,2022-11-08 05:00:00+00:00,Even districts and mayor,,f,f,39.52715397510969,-119.8376036949033,"Nov 08, 2022"
8287,Rhode Island General Treasurer,RI,STATE,US,1,4 years,http://www.treasury.ri.gov/,2022-11-08 05:00:00+00:00,,"https://ballotpedia.org/Rhode_Island_Treasurer_election,_2022",f,f,41.7443210033136,-71.45435357669912,"Nov 08, 2022"
6487,Rhode Island Governor & Lieutenant Governor,RI,STATE,US,1,4 years,http://www.governor.ri.gov/,2022-11-08 05:00:00+00:00,,,f,f,41.7443210033136,-71.45435357669912,"Nov 08, 2022"
8464,Rhode Island House of Representatives,RI,STATE,US,75,2 years,https://www.rilegislature.gov/Pages/Default.aspx,2022-11-08 05:00:00+00:00,,,f,f,41.7443210033136,-71.45435357669912,"Nov 08, 2022"
8289,Rhode Island Secretary of State,RI,STATE,US,1,4 years,https://www.sos.ri.gov/,2022-11-08 05:00:00+00:00,,"https://ballotpedia.org/Rhode_Island_Secretary_of_State_election,_2022",f,f,41.7443210033136,-71.45435357669912,"Nov 08, 2022"
8432,Rhode Island Senate,RI,STATE,US,38,2 years,https://www.rilegislature.gov/Pages/Default.aspx,2022-11-08 05:00:00+00:00,,"https://ballotpedia.org/Rhode_Island_State_Senate_elections,_2022",f,f,41.7443210033136,-71.45435357669912,"Nov 08, 2022"
8425,Rialto City Council,CA,LOCAL,US,5,4 years,https://ca-rialto.civicplus.com/285/City-Council-Elected-Officials,2022-11-08 05:00:00+00:00,Two council seats.,http://yourrialto.com/city-hall/departments/city-clerk/elections/,f,f,34.112772051780965,-117.38851000511949,"Nov 08, 2022"
7024,Richland County Council,SC,LOCAL,US,11,4 years,http://www.richlandonline.com/Government/CountyCouncil.aspx,2022-11-08 05:00:00+00:00,,http://www.richlandcountysc.gov/Government/County-Council,f,f,34.06407432870385,-80.97039473739409,"Nov 08, 2022"
6318,Richmond City Council,CA,LOCAL,US,7,4 years,http://www.ci.richmond.ca.us/2013/Government,2022-11-08 05:00:00+00:00,Mayor and 3 districts,https://www.ci.richmond.ca.us/1349/Elections,f,f,37.93655822613033,-122.33927254327531,"Nov 08, 2022"
6650,Rochester City Council & Mayor,MN,LOCAL,US,7,4 years,https://www.rochestermn.gov/government/city-council,2022-11-08 05:00:00+00:00,,https://www.rochestermn.gov/departments/city-clerk/elections,f,f,44.0263390803594,-92.47859123213755,"Nov 08, 2022"
8555,Salem City Council,OR,LOCAL,US,9,4 years (2 years for mayor),https://www.cityofsalem.net/city-council,2022-11-08 05:00:00+00:00,Mayor + even districts,,f,f,44.92784377089894,-123.02389552030435,"Nov 08, 2022"
6188,Salinas City Council,CA,LOCAL,US,7,4 years (2 years for mayor),https://www.cityofsalinas.org/our-government/city-council,2022-11-08 05:00:00+00:00,"Mayor, 2, 3, 5",,f,f,36.69038224633533,-121.63209077908327,"Nov 08, 2022"
6249,San Bernardino City Council,CA,LOCAL,US,7,4 years,http://www.ci.san-bernardino.ca.us/cityhall/city_council/default.asp,2022-11-08 05:00:00+00:00,,http://www.sbcity.org/cityhall/city_clerk/election_information.asp,f,f,34.13672354874145,-117.2927071877326,"Nov 08, 2022"
6513,San Bernardino Mayor,CA,LOCAL,US,1,,http://www.sbcity.org/cityhall/mayor/default.asp,2022-11-08 05:00:00+00:00,,http://www.sbcity.org/cityhall/city_clerk/election_information.asp,f,f,34.13672354874145,-117.2927071877326,"Nov 08, 2022"
8431,San Diego City Council & Mayor,CA,LOCAL,US,9,4 years,https://www.sandiego.gov/citycouncil/,2022-11-08 05:00:00+00:00,"Districts 2, 4, 6, 8",,f,f,32.79403665734447,-117.12392959725089,"Nov 08, 2022"
6812,San Diego County Board of Supervisors,CA,LOCAL,US,5,4 years,https://www.sandiegocounty.gov/content/sdc/general/bos.html,2022-11-08 05:00:00+00:00,Districts 4 and 5,https://www.sdvote.com/,f,f,32.908132568704914,-116.94326123852095,"Nov 08, 2022"
8433,San Francisco Board of Supervisors & Mayor,CA,LOCAL,US,11,4 years,https://sfbos.org/,2022-11-08 05:00:00+00:00,"2, 4, 6, 8, 10",,f,f,37.75960237426629,-122.43942482637605,"Nov 08, 2022"
6821,San Jose City Council,CA,LOCAL,US,11,4 years,https://www.sanjoseca.gov/your-government/departments/city-council,2022-11-08 05:00:00+00:00,"Mayor and districts 1, 3, 5, 7, 9",http://www.sanjoseca.gov/index.aspx?nid=5694,f,f,37.297152885650206,-121.85056035623312,"Nov 08, 2022"
8523,San Mateo City Council,CA,LOCAL,US,5,4 years,https://www.cityofsanmateo.org/55/City-Council,2022-11-08 05:00:00+00:00,3 at-large seats,,f,f,37.560357955721535,-122.311054240391,"Nov 08, 2022"
6816,San Mateo County Board of Supervisors,CA,LOCAL,US,5,4 years,https://bos.smcgov.org/,2022-11-08 05:00:00+00:00,Districts 2 and 3. Runoff from the direct primary in June 2022.,https://www.smcacre.org/elections,f,f,37.55041601567687,-122.30503307644487,"Nov 08, 2022"
8916,Santa Ana City Council,CA,LOCAL,US,7,4 years (2 years for mayor),https://www.santa-ana.org/mayor-and-city-council,2022-11-08 05:00:00+00:00,,,f,f,33.73700244415734,-117.88290152543301,"Nov 08, 2022"
6109,Santa Clara City Council,CA,LOCAL,US,7,4 years,https://www.santaclaraca.gov/our-city/government/mayor-and-council,2022-11-08 05:00:00+00:00,"Districts 2, 3, 7",http://santaclaraca.gov/government/santa-clara-votes,f,f,37.35894826220248,-121.97070447511223,"Nov 08, 2022"
7619,Santa Clara County Board of Supervisors,CA,LOCAL,US,5,4 years,https://www.sccgov.org/sites/scc/gov/Pages/Elected-Officials.aspx,2022-11-08 05:00:00+00:00,Districts 1 and 4,,f,f,37.29723548258886,-121.83644814949116,"Nov 08, 2022"
8524,Santa Clarita City Council,CA,LOCAL,US,5,4 years,https://www.santa-clarita.com/city-hall/city-council,2022-11-08 05:00:00+00:00,,,f,f,34.41191448425161,-118.5035257201195,"Nov 08, 2022"
6165,Santa Maria City Council,CA,LOCAL,US,5,4 years,https://www.cityofsantamaria.org/city-government/departments/mayor-city-council,2022-11-08 05:00:00+00:00,,https://www.cityofsantamaria.org/city-government/departments/city-clerk-records/elections,f,f,34.94525603790107,-120.43893752376269,"Nov 08, 2022"
6091,Santa Rosa City Council,CA,LOCAL,US,7,4 years (2 years for mayor),http://www.srcity.org/1322/City-Council,2022-11-08 05:00:00+00:00,"Districts 2, 4, 6",,f,f,38.44431993896979,-122.71322089109844,"Nov 08, 2022"
6833,Scottsdale City Council,AZ,LOCAL,US,7,4 years,https://www.scottsdaleaz.gov/council,2022-11-08 05:00:00+00:00,3 at-large seats,,f,f,33.68723024544068,-111.86502924206945,"Nov 08, 2022"
7678,Secretary of the Commonwealth for Massachusetts,MA,STATE,US,1,4 years,https://www.sec.state.ma.us/,2022-11-08 05:00:00+00:00,,"https://ballotpedia.org/Massachusetts_Secretary_of_State_election,_2022",f,f,42.2707016687183,-71.36659953132225,"Nov 08, 2022"
8579,Shreveport City Council & Mayor,LA,LOCAL,US,7,4 years,https://www.shreveportla.gov/index.aspx?nid=201,2022-11-08 05:00:00+00:00,All,,f,f,32.45554781210846,-93.78197405676757,"Nov 08, 2022"
6817,Solano County Board of Supervisors,CA,LOCAL,US,5,4 years,https://www.solanocounty.com/depts/bos/,2022-11-08 05:00:00+00:00,District 3,https://www.solanocounty.com/depts/rov/,f,f,38.2506664087626,-122.02718950877716,"Nov 08, 2022"
8034,South Carolina Commissioner of Agriculture,SC,STATE,US,1,4 years,https://agriculture.sc.gov/,2022-11-08 05:00:00+00:00,,"https://ballotpedia.org/South_Carolina_Agriculture_Commissioner_election,_2022",f,f,34.01259413117254,-81.01979718612975,"Nov 08, 2022"
8035,South Carolina Comptroller General,SC,STATE,US,1,4 years,https://cg.sc.gov/,2022-11-08 05:00:00+00:00,,"https://ballotpedia.org/South_Carolina_Comptroller_election,_2022",f,f,34.01259413117254,-81.01979718612975,"Nov 08, 2022"
4982,South Carolina Governor & Lieutenant Governor,SC,STATE,US,1,4 years,https://governor.sc.gov/,2022-11-08 05:00:00+00:00,,,f,f,34.01259413117254,-81.01979718612975,"Nov 08, 2022"
6798,South Carolina House of Representatives,SC,STATE,US,124,2 years,https://www.scstatehouse.gov/house.php,2022-11-08 05:00:00+00:00,,"https://ballotpedia.org/South_Carolina_House_of_Representatives_elections,_2022",f,f,34.01259413117254,-81.01979718612975,"Nov 08, 2022"
8040,South Carolina Secretary of State,SC,STATE,US,1,4 years,https://sos.sc.gov/,2022-11-08 05:00:00+00:00,,"https://ballotpedia.org/South_Carolina_Secretary_of_State_election,_2022",f,f,34.01259413117254,-81.01979718612975,"Nov 08, 2022"
8041,South Carolina Superintendent of Education,SC,STATE,US,1,4 years,https://ed.sc.gov/,2022-11-08 05:00:00+00:00,,"https://ballotpedia.org/South_Carolina_Superintendent_of_Education_election,_2022",f,f,34.01259413117254,-81.01979718612975,"Nov 08, 2022"
8042,South Carolina Treasurer,SC,STATE,US,1,4 years,https://treasurer.sc.gov/,2022-11-08 05:00:00+00:00,,"https://ballotpedia.org/South_Carolina_Treasurer_election,_2022",f,f,34.01259413117254,-81.01979718612975,"Nov 08, 2022"
8382,South Dakota Governor & Lieutenant Governor,SD,STATE,US,1,4 years,https://governor.sd.gov/,2022-11-08 05:00:00+00:00,,,f,f,44.07524305103285,-99.13886134486252,"Nov 08, 2022"
6381,South Dakota House of Representatives,SD,STATE,US,70,2 years,https://sdlegislature.gov/,2022-11-08 05:00:00+00:00,,"https://ballotpedia.org/South_Dakota_House_of_Representatives_elections,_2022",f,f,44.07524305103285,-99.13886134486252,"Nov 08, 2022"
8045,South Dakota Public Utilities Commission,SD,STATE,US,3,6 years,https://puc.sd.gov/,2022-11-08 05:00:00+00:00,,,f,f,44.07524305103285,-99.13886134486252,"Nov 08, 2022"
8049,South Dakota Secretary of State,SD,STATE,US,1,4 years,https://sdsos.gov/,2022-11-08 05:00:00+00:00,,"https://ballotpedia.org/South_Dakota_Secretary_of_State_election,_2022",f,f,44.07524305103285,-99.13886134486252,"Nov 08, 2022"
6807,South Dakota State Senate,SD,STATE,US,35,2 years,https://sdlegislature.gov/,2022-11-08 05:00:00+00:00,All,,f,f,44.07524305103285,-99.13886134486252,"Nov 08, 2022"
8050,South Dakota Treasurer,SD,STATE,US,1,4 years,https://sdtreasurer.gov/,2022-11-08 05:00:00+00:00,,"https://ballotpedia.org/South_Dakota_Treasurer_election,_2022",f,f,44.07524305103285,-99.13886134486252,"Nov 08, 2022"
5952,Sparks City Council & Mayor,NV,LOCAL,US,5,4 years,https://cityofsparks.us/resources/government/mayor-city-council/,2022-11-08 05:00:00+00:00,,,f,f,39.569852735383414,-119.72413049435146,"Nov 08, 2022"
6355,St. Charles County Council & Executive,MO,LOCAL,US,7,4 years,http://www.sccmo.org/286/County-Council,2022-11-08 05:00:00+00:00,,https://www.sccmo.org/410/Election-Authority,f,f,38.77643788239635,-90.66285165930618,"Nov 08, 2022"
6787,St. Louis County Council & Executive,MO,LOCAL,US,7,4 years,https://stlouiscountymo.gov/,2022-11-08 05:00:00+00:00,"District 1, 3, 5, 7",,f,f,38.64663614828687,-90.39991557792598,"Nov 08, 2022"
8672,Sunnyvale City Council,CA,LOCAL,US,7,4 years,https://sunnyvale.ca.gov/government/council/default.htm,2022-11-08 05:00:00+00:00,"Districts 1, 3, 5",https://sunnyvale.ca.gov/government/elections.htm,f,f,37.38308818825718,-122.02448460054305,"Nov 08, 2022"
9018,Tallahassee City Commission,FL,LOCAL,US,5,4 years,https://talgov.com/cityleadership/CityLeadership.aspx,2022-11-08 05:00:00+00:00,Mayor,,f,f,30.454917012546748,-84.2526550080788,"Nov 08, 2022"
6148,Temecula City Council,CA,LOCAL,US,5,4 years,https://temeculaca.gov/173/City-Council,2022-11-08 05:00:00+00:00,Odd districts,,f,f,33.497883303201405,-117.12532793277671,"Nov 08, 2022"
6480,Tennessee Governor & Lieutenant Governor,TN,STATE,US,1,4 years,http://www.tn.gov/governor/,2022-11-08 05:00:00+00:00,,,f,f,35.80747528602632,-86.31683319117147,"Nov 08, 2022"
8488,Tennessee House of Representatives,TN,STATE,US,99,2 years,https://www.capitol.tn.gov/house/,2022-11-08 05:00:00+00:00,,,f,f,35.80747528602632,-86.31683319117147,"Nov 08, 2022"
6765,Tennessee State Senate,TN,STATE,US,33,4 years,https://www.capitol.tn.gov/senate/,2022-11-08 05:00:00+00:00,Odd districts,,f,f,35.80747528602632,-86.31683319117147,"Nov 08, 2022"
8062,Texas Commissioner of Agriculture,TX,STATE,US,1,4 years,https://www.texasagriculture.gov/,2022-11-08 05:00:00+00:00,,"https://ballotpedia.org/Texas_Agriculture_Commissioner_election,_2022",f,f,30.93887363731132,-97.42716050426753,"Nov 08, 2022"
8065,Texas Comptroller of Public Accounts,TX,STATE,US,1,4 years,https://comptroller.texas.gov/,2022-11-08 05:00:00+00:00,,"https://ballotpedia.org/Texas_Comptroller_election,_2022",f,f,30.93887363731132,-97.42716050426753,"Nov 08, 2022"
6460,Texas Governor & Lieutenant Governor,TX,STATE,US,1,4 years,http://www.governor.state.tx.us/,2022-11-08 05:00:00+00:00,,,f,f,30.93887363731132,-97.42716050426753,"Nov 08, 2022"
6217,Texas House of Representatives,TX,STATE,US,150,2 years,https://house.texas.gov/,2022-11-08 05:00:00+00:00,,"https://ballotpedia.org/Texas_House_of_Representatives_elections,_2022",f,f,30.93887363731132,-97.42716050426753,"Nov 08, 2022"
8066,Texas Land Commissioner,TX,STATE,US,1,4 years,https://www.glo.texas.gov/,2022-11-08 05:00:00+00:00,,"https://ballotpedia.org/Texas_Public_Lands_Commissioner_election,_2022",f,f,30.93887363731132,-97.42716050426753,"Nov 08, 2022"
6222,The Senate of Texas,TX,STATE,US,31,4 years,https://senate.texas.gov/,2022-11-08 05:00:00+00:00,"All seats are up for election (see: Redistricting, 2-4-4 State, notes below)",,f,f,30.93887363731132,-97.42716050426753,"Nov 08, 2022"
8397,Thousand Oaks City Council,CA,LOCAL,US,5,4 years,https://www.toaks.org/departments/city-council,2022-11-08 05:00:00+00:00,3 seats.,https://www.toaks.org/departments/city-clerk/elections,f,f,34.19135755150158,-118.87557262866264,"Nov 08, 2022"
6951,Treasurer of the State of Alabama,AL,STATE,US,1,4 years,https://treasury.alabama.gov/about-john-mcmillan/,2022-11-08 05:00:00+00:00,,"https://ballotpedia.org/Alabama_Treasurer_election,_2022",f,f,33.00715586487894,-86.77701645200166,"Nov 08, 2022"
7002,Treasurer of the State of Connecticut,CT,STATE,US,1,4 years,https://portal.ct.gov/OTT,2022-11-08 05:00:00+00:00,,"https://ballotpedia.org/Connecticut_Treasurer_election,_2022",f,f,41.502355107116,-72.87082092850571,"Nov 08, 2022"
6183,United States House of Representatives,,NATIONAL,US,441,2 years,https://www.house.gov/,2022-11-08 05:00:00+00:00,,,f,f,37.49425725774252,-91.49495901924472,"Nov 08, 2022"
2675,United States Senate,,NATIONAL,US,100,6 years,http://www.senate.gov/,2022-11-08 05:00:00+00:00,,,f,f,37.49425725774252,-91.49495901924472,"Nov 08, 2022"
6235,Utah House of Representatives,UT,STATE,US,75,2 years,https://house.utah.gov/,2022-11-08 05:00:00+00:00,,,f,f,40.37267313936923,-111.91191613416629,"Nov 08, 2022"
6781,Utah State Senate,UT,STATE,US,29,4 years,https://senate.utah.gov/,2022-11-08 05:00:00+00:00,"Districts 2, 3, 4, 5, 9, 11, 12, 15, 17, 18, 21, 22, 26, 28\n",,f,f,40.37267313936923,-111.91191613416629,"Nov 08, 2022"
8308,Vacaville City Council,CA,LOCAL,US,7,4 years,https://www.ci.vacaville.ca.us/government/city-council,2022-11-08 05:00:00+00:00,"Districts 2, 4, 6",https://www.ci.vacaville.ca.us/government/city-clerk,f,f,38.354330329529574,-121.96442312819003,"Nov 08, 2022"
8458,Vallejo City Council,CA,LOCAL,US,7,4 years,https://www.ci.vallejo.ca.us/city_hall/city_government/mayor___city_council,2022-11-08 05:00:00+00:00,"District 2, 4, 5",,f,f,38.10493784331088,-122.22400361931153,"Nov 08, 2022"
6587,Ventura City Council,CA,LOCAL,US,7,4 years,https://www.cityofventura.ca.gov/712/City-Council,2022-11-08 05:00:00+00:00,"1, 4, 5, 6",,f,f,34.27606199630079,-119.22649995347288,"Nov 08, 2022"
4429,Vermont Governor & Lieutenant Governor,VT,STATE,US,1,2 years,http://governor.vermont.gov/,2022-11-08 05:00:00+00:00,,,f,f,44.048746227280354,-72.80961917426774,"Nov 08, 2022"
6299,Vermont House of Representatives,VT,STATE,US,150,2 years,https://legislature.vermont.gov/,2022-11-08 05:00:00+00:00,,,f,f,44.048746227280354,-72.80961917426774,"Nov 08, 2022"
8078,Vermont Secretary of State,VT,STATE,US,1,2 years,https://sos.vermont.gov/,2022-11-08 05:00:00+00:00,,"https://ballotpedia.org/Vermont_Secretary_of_State_election,_2022",f,f,44.048746227280354,-72.80961917426774,"Nov 08, 2022"
6393,Vermont Senate,VT,STATE,US,30,2 years,https://legislature.vermont.gov/,2022-11-08 05:00:00+00:00,,"https://ballotpedia.org/Vermont_State_Senate_elections,_2022",f,f,44.048746227280354,-72.80961917426774,"Nov 08, 2022"
8079,Vermont State Auditor,VT,STATE,US,1,2 years,https://auditor.vermont.gov/,2022-11-08 05:00:00+00:00,,"https://ballotpedia.org/Vermont_Auditor_election,_2022",f,f,44.048746227280354,-72.80961917426774,"Nov 08, 2022"
8080,Vermont Treasurer,VT,STATE,US,1,2 years,https://www.vermonttreasurer.gov/,2022-11-08 05:00:00+00:00,,"https://ballotpedia.org/Vermont_Treasurer_election,_2022",f,f,44.048746227280354,-72.80961917426774,"Nov 08, 2022"
6179,Victorville City Council,CA,LOCAL,US,5,4 years,https://www.victorvilleca.gov/government/city-departments/city-clerk/city-council,2022-11-08 05:00:00+00:00,,,f,f,34.527702395326955,-117.35371683916833,"Nov 08, 2022"
8903,Virginia Beach City Council,VA,LOCAL,US,11,4 years,http://www.vbgov.com/government/departments/city-clerk/city-council/Pages/default.aspx,2022-11-08 05:00:00+00:00,A federal court declared Virginia Beach's previous system of 7 geographic districts and 3 at-large districts to be unconstitutional and in violation of the 1965 Civil Rights Act. Under the new system there will be 10 geographic based districts.,,f,f,36.80144329301335,-76.08305119487068,"Nov 08, 2022"
6391,Visalia City Council,CA,LOCAL,US,5,4 years,https://www.visalia.city/government/city_council/default.asp,2022-11-08 05:00:00+00:00,"Districts 3,4,5",,f,f,36.32792472280321,-119.31412027237869,"Nov 08, 2022"
5524,Vista City Council,CA,LOCAL,US,5,4 years,https://www.cityofvista.com/city-hall/city-council,2022-11-08 05:00:00+00:00,"Mayor, District 1 & 4",,f,f,33.19433249241037,-117.24107798856149,"Nov 08, 2022"
8535,Wake County Board of Commissioners,NC,LOCAL,US,7,2 years,https://www.wakegov.com/departments-government/board-commissioners,2022-11-08 05:00:00+00:00,All seats,,f,f,35.79884077364774,-78.67691832067378,"Nov 08, 2022"
9017,Washington DC City Council,DC,LOCAL,US,13,4 years,https://dccouncil.gov/councilmembers/,2022-11-08 05:00:00+00:00,"Mayor, At Large, and districts 1, 3, 5, and 6",,f,f,38.90681297263043,-77.01630236655964,"Nov 08, 2022"
6272,Washington House,WA,STATE,US,98,2 years,https://leg.wa.gov/House/Pages/default.aspx,2022-11-08 05:00:00+00:00,,"https://ballotpedia.org/Washington_House_of_Representatives_elections,_2020",f,f,47.356783796823,-121.58292003258782,"Nov 08, 2022"
5331,Washington Mayor,DC,LOCAL,US,1,4 years,https://mayor.dc.gov/,2022-11-08 05:00:00+00:00,"Mayor, At Large, and districts 1, 3, 5, and 6",,f,f,38.90681297263043,-77.01630236655964,"Nov 08, 2022"
8610,Washington State Senate,WA,STATE,US,49,4 years,https://leg.wa.gov/Senate/Pages/default.aspx,2022-11-08 05:00:00+00:00,"Districts: 6, 7, 8, 13, 15, 21, 26, 29, 30, 31, 32, 33, 34, 35, 36, 37, 38, 42, 43, 44, 45, 46, 47, 48",,f,f,47.356783796823,-121.58292003258782,"Nov 08, 2022"
6751,West Covina City Council,CA,LOCAL,US,5,4 years,https://www.westcovina.org/departments/mayor-city-council,2022-11-08 05:00:00+00:00,3 seats,,f,f,34.057917007394124,-117.91494331239228,"Nov 08, 2022"
6786,West Virginia House of Delegates,WV,STATE,US,100,2 years,https://www.wvlegislature.gov/index.cfm,2022-11-08 05:00:00+00:00,,,f,f,38.78545356500271,-80.58581845737203,"Nov 08, 2022"
6265,West Virginia State Senate,WV,STATE,US,34,4 years,https://www.wvlegislature.gov/,2022-11-08 05:00:00+00:00,,,f,f,38.78545356500271,-80.58581845737203,"Nov 08, 2022"
5916,Wichita Falls City Council,TX,LOCAL,US,7,2 years,https://www.wichitafallstx.gov/29/Mayor-and-City-Council,2022-11-08 05:00:00+00:00,"At-Large, 1, 2",,f,f,33.89755581967475,-98.53026795190372,"Nov 08, 2022"
6216,Wisconsin Assembly,WI,STATE,US,99,2 years,https://legis.wisconsin.gov/assembly/,2022-11-08 05:00:00+00:00,,"https://ballotpedia.org/Wisconsin_State_Assembly_elections,_2022",f,f,43.737902603063965,-89.0538189103974,"Nov 08, 2022"
8383,Wisconsin Governor & Lieutenant Governor,WI,STATE,US,1,4 years,https://evers.wi.gov/Pages/Home.aspx,2022-11-08 05:00:00+00:00,,,f,f,43.737902603063965,-89.0538189103974,"Nov 08, 2022"
8116,Wisconsin Secretary of State,WI,STATE,US,1,4 years,https://sos.wi.gov/,2022-11-08 05:00:00+00:00,,"https://ballotpedia.org/Wisconsin_Secretary_of_State_election,_2022",f,f,43.737902603063965,-89.0538189103974,"Nov 08, 2022"
6232,Wisconsin State Senate,WI,STATE,US,33,4 years,https://legis.wisconsin.gov/senate/,2022-11-08 05:00:00+00:00,Even numbered district officials will serve out the rest of their term in new districts in 2022.,,f,f,43.737902603063965,-89.0538189103974,"Nov 08, 2022"
8119,Wisconsin Treasurer,WI,STATE,US,1,4 years,https://statetreasurer.wi.gov/Pages/Home.aspx,2022-11-08 05:00:00+00:00,,"https://ballotpedia.org/Wisconsin_Treasurer_election,_2022",f,f,43.737902603063965,-89.0538189103974,"Nov 08, 2022"
6475,Wyoming Governor & Lieutenant Governor,WY,STATE,US,1,4 years,http://governor.wy.gov/Pages/default.aspx,2022-11-08 05:00:00+00:00,,https://soswy.state.wy.us/elections/,f,f,42.70857889217502,-107.08253555067931,"Nov 08, 2022"
6314,Wyoming House of Representatives,WY,STATE,US,60,2 years,https://www.wyoleg.gov/,2022-11-08 05:00:00+00:00,,,f,f,42.70857889217502,-107.08253555067931,"Nov 08, 2022"
8125,Wyoming Secretary of State,WY,STATE,US,1,4 years,https://sos.wyo.gov/,2022-11-08 05:00:00+00:00,,"https://ballotpedia.org/Wyoming_Secretary_of_State_election,_2022",f,f,42.70857889217502,-107.08253555067931,"Nov 08, 2022"
8126,Wyoming State Auditor,WY,STATE,US,1,4 years,https://sao.wyo.gov/,2022-11-08 05:00:00+00:00,,"https://ballotpedia.org/Wyoming_Auditor_election,_2022",f,f,42.70857889217502,-107.08253555067931,"Nov 08, 2022"
6789,Wyoming State Senate,WY,STATE,US,30,4 years,https://wyoleg.gov/,2022-11-08 05:00:00+00:00,Odd seats,,f,f,42.70857889217502,-107.08253555067931,"Nov 08, 2022"
8127,Wyoming Superintendent of Public Instruction,WY,STATE,US,1,4 years,https://edu.wyoming.gov/,2022-11-08 05:00:00+00:00,,"https://ballotpedia.org/Wyoming_Superintendent_of_Public_Instruction_election,_2022",f,f,42.70857889217502,-107.08253555067931,"Nov 08, 2022"
8128,Wyoming Treasurer,WY,STATE,US,1,4 years,https://statetreasurer.wyo.gov/,2022-11-08 05:00:00+00:00,,"https://ballotpedia.org/Wyoming_Treasurer_election,_2022",f,f,42.70857889217502,-107.08253555067931,"Nov 08, 2022"
8252,Governor of Guam & Lieutenant Governor of Guam,GU,STATE,US,1,4 years,http://governor.guam.gov/,2022-11-08 05:00:00+00:00,,,,,13.44275954785126,144.76945169733125,"Nov 08, 2022"
8481,Ottawa City Council & Mayor,ON,LOCAL,CA,23,4 years,https://ottawa.ca/en/city-hall/mayor-and-city-councillors,2022-11-14 05:00:00+00:00,All,,f,f,45.35430373712743,-75.71064819280946,"Nov 14, 2022"
8847,Victorian Legislative Assembly,VIC,STATE,AS,88,4 years,https://www.parliament.vic.gov.au/,2022-11-26 05:00:00+00:00,All,,f,f,-37.692623474574404,144.95383965704426,"Nov 26, 2022"
8846,Victorian Legislative Council,VIC,STATE,AS,40,4 years,https://www.parliament.vic.gov.au/,2022-11-26 05:00:00+00:00,All,,f,f,-37.692623474574404,144.95383965704426,"Nov 26, 2022"
